userid;creatorid 
60be2d9d6a90b5004d9d6a1b;60cabc7c27a131004ccea5ed
60cabc8c27a131004ccec081;60cabc7c27a131004ccea5ee
60cabc8c27a131004ccec082;60cabc7c27a131004ccea5ef
60cabc8c27a131004ccec083;60cabc7c27a131004ccea5f0
60cabc8c27a131004ccec084;60cabc7c27a131004ccea5f1
60cabc8c27a131004ccec085;60cabc7c27a131004ccea5f2
60cabc8c27a131004ccec086;60cabc7c27a131004ccea5f3
60cabc8c27a131004ccec087;60cabc7c27a131004ccea5f4
60cabc8c27a131004ccec088;60cabc7c27a131004ccea5f5
60cabc8c27a131004ccec089;60cabc7c27a131004ccea5f6
60cabc8c27a131004ccec08a;60cabc7c27a131004ccea5f7
60cabc8c27a131004ccec08b;60cabc7c27a131004ccea5f8
60cabc8c27a131004ccec08c;60cabc7c27a131004ccea5f9
60cabc8c27a131004ccec08d;60cabc7c27a131004ccea5fa
60cabc8c27a131004ccec08e;60cabc7c27a131004ccea5fb
60cabc8c27a131004ccec08f;60cabc7c27a131004ccea5fc
60cabc8c27a131004ccec090;60cabc7c27a131004ccea5fd
60cabc8c27a131004ccec091;60cabc7c27a131004ccea5fe
60cabc8c27a131004ccec092;60cabc7c27a131004ccea5ff
60cabc8c27a131004ccec093;60cabc7c27a131004ccea600
60cabc8c27a131004ccec094;60cabc7c27a131004ccea601
60cabc8c27a131004ccec095;60cabc7c27a131004ccea602
60cabc8c27a131004ccec096;60cabc7c27a131004ccea603
60cabc8c27a131004ccec097;60cabc7c27a131004ccea604
60cabc8c27a131004ccec098;60cabc7c27a131004ccea605
60cabc8c27a131004ccec099;60cabc7c27a131004ccea606
60cabc8c27a131004ccec09a;60cabc7c27a131004ccea607
60cabc8c27a131004ccec09b;60cabc7c27a131004ccea608
60cabc8c27a131004ccec09c;60cabc7c27a131004ccea609
60cabc8c27a131004ccec09d;60cabc7c27a131004ccea60a
60cabc8c27a131004ccec09e;60cabc7c27a131004ccea60b
60cabc8c27a131004ccec09f;60cabc7c27a131004ccea60c
60cabc8c27a131004ccec0a0;60cabc7c27a131004ccea60d
60cabc8c27a131004ccec0a1;60cabc7c27a131004ccea60e
60cabc8c27a131004ccec0a2;60cabc7c27a131004ccea60f
60cabc8c27a131004ccec0a3;60cabc7c27a131004ccea610
60cabc8c27a131004ccec0a4;60cabc7c27a131004ccea611
60cabc8c27a131004ccec0a5;60cabc7c27a131004ccea612
60cabc8c27a131004ccec0a6;60cabc7c27a131004ccea613
60cabc8c27a131004ccec0a7;60cabc7c27a131004ccea614
60cabc8c27a131004ccec0a8;60cabc7c27a131004ccea615
60cabc8c27a131004ccec0a9;60cabc7c27a131004ccea616
60cabc8c27a131004ccec0aa;60cabc7c27a131004ccea617
60cabc8c27a131004ccec0ab;60cabc7c27a131004ccea618
60cabc8c27a131004ccec0ac;60cabc7c27a131004ccea619
60cabc8c27a131004ccec0ad;60cabc7c27a131004ccea61a
60cabc8c27a131004ccec0ae;60cabc7c27a131004ccea61b
60cabc8c27a131004ccec0af;60cabc7c27a131004ccea61c
60cabc8c27a131004ccec0b0;60cabc7c27a131004ccea61d
60cabc8c27a131004ccec0b1;60cabc7c27a131004ccea61e
60cabc8c27a131004ccec0b2;60cabc7c27a131004ccea61f
60cabc8c27a131004ccec0b3;60cabc7c27a131004ccea620
60cabc8c27a131004ccec0b4;60cabc7c27a131004ccea621
60cabc8c27a131004ccec0b5;60cabc7c27a131004ccea622
60cabc8c27a131004ccec0b6;60cabc7c27a131004ccea623
60cabc8c27a131004ccec0b7;60cabc7c27a131004ccea624
60cabc8c27a131004ccec0b8;60cabc7c27a131004ccea625
60cabc8c27a131004ccec0b9;60cabc7c27a131004ccea626
60cabc8c27a131004ccec0ba;60cabc7c27a131004ccea627
60cabc8c27a131004ccec0bb;60cabc7c27a131004ccea628