tokenId;episode;amount;buyer;amountPublish
100000000;60cabc8727a131004cceb8b2;6;[];5
100000001;60cabc8727a131004cceb8b3;5;[];4
100000002;60cabc8727a131004cceb8b4;3;[];2
100000003;60cabc8827a131004cceb8b5;7;[];4
100000004;60cabc8827a131004cceb8b6;9;[];9
100000005;60cabc8827a131004cceb8b7;6;[];3
100000006;60cabc8827a131004cceb8b8;2;[];2
100000007;60cabc8827a131004cceb8b9;2;[];1
100000008;60cabc8827a131004cceb8ba;1;[];1
100000009;60cabc8827a131004cceb8bb;2;[];1
100000010;60cabc8827a131004cceb8bc;1;[];1
100000011;60cabc8827a131004cceb8bd;1;[];1
100000012;60cabc8827a131004cceb8be;2;[];1
100000013;60cabc8827a131004cceb8bf;6;[];3
100000014;60cabc8827a131004cceb8c0;4;[{"customer":"60cabc7f27a131004cceabc2","amount":2}];4
100000015;60cabc8827a131004cceb8c1;6;[];6
100000016;60cabc8827a131004cceb8c2;5;[];4
100000017;60cabc8827a131004cceb8c3;3;[];1
100000018;60cabc8827a131004cceb8c4;5;[];4
100000019;60cabc8827a131004cceb8c5;9;[{"customer":"60cabc7f27a131004cceabbe","amount":2}];8
100000020;60cabc8827a131004cceb8c6;6;[];2
100000021;60cabc8827a131004cceb8c7;8;[];4
100000022;60cabc8827a131004cceb8c8;2;[];1
100000023;60cabc8827a131004cceb8c9;5;[{"customer":"60cabc7f27a131004cceabbe","amount":1}];5
100000024;60cabc8827a131004cceb8ca;8;[];5
100000025;60cabc8827a131004cceb8cb;2;[];2
100000026;60cabc8827a131004cceb8cc;3;[];3
100000027;60cabc8827a131004cceb8cd;3;[{"customer":"60cabc7f27a131004cceabba","amount":1},{"customer":"60cabc7f27a131004cceabbe","amount":1}];3
100000028;60cabc8827a131004cceb8ce;3;[];1
100000029;60cabc8827a131004cceb8cf;1;[];1
100000030;60cabc8827a131004cceb8d0;9;[{"customer":"60cabc7f27a131004cceabb7","amount":2}];4
100000031;60cabc8827a131004cceb8d1;4;[];2
100000032;60cabc8827a131004cceb8d2;1;[];1
100000033;60cabc8827a131004cceb8d3;9;[];4
100000034;60cabc8827a131004cceb8d4;2;[{"customer":"60cabc7f27a131004cceabc2","amount":1}];2
100000035;60cabc8827a131004cceb8d5;6;[];4
100000036;60cabc8827a131004cceb8d6;3;[];1
100000037;60cabc8827a131004cceb8d7;8;[];2
100000038;60cabc8827a131004cceb8d8;7;[];7
100000039;60cabc8827a131004cceb8d9;5;[];2
100000040;60cabc8827a131004cceb8da;7;[];7
100000041;60cabc8827a131004cceb8db;1;[];1
100000042;60cabc8827a131004cceb8dc;9;[];6
100000043;60cabc8827a131004cceb8dd;2;[];1
100000044;60cabc8827a131004cceb8de;10;[];10
100000045;60cabc8827a131004cceb8df;2;[];2
100000046;60cabc8827a131004cceb8e0;2;[];1
100000047;60cabc8827a131004cceb8e1;8;[{"customer":"60cabc7f27a131004cceabbf","amount":2}];4
100000048;60cabc8827a131004cceb8e2;1;[];1
100000049;60cabc8827a131004cceb8e3;5;[{"customer":"60cabc7f27a131004cceabbb","amount":1}];3
100000050;60cabc8827a131004cceb8e4;6;[{"customer":"60cabc7f27a131004cceabc8","amount":2}];4
100000051;60cabc8827a131004cceb8e5;8;[];5
100000052;60cabc8827a131004cceb8e6;9;[{"customer":"60cabc7f27a131004cceabc6","amount":1}];2
100000053;60cabc8827a131004cceb8e7;1;[];1
100000054;60cabc8827a131004cceb8e8;3;[];3
100000055;60cabc8827a131004cceb8e9;1;[];1
100000056;60cabc8827a131004cceb8ea;2;[];2
100000057;60cabc8827a131004cceb8eb;4;[];3
100000058;60cabc8827a131004cceb8ec;4;[];1
100000059;60cabc8827a131004cceb8ed;8;[];6
100000060;60cabc8827a131004cceb8ee;2;[];2
100000061;60cabc8827a131004cceb8ef;1;[];1
100000062;60cabc8827a131004cceb8f0;5;[];2
100000063;60cabc8827a131004cceb8f1;5;[{"customer":"60cabc7f27a131004cceabb8","amount":1}];3
100000064;60cabc8827a131004cceb8f2;6;[];6
100000065;60cabc8827a131004cceb8f3;1;[];1
100000066;60cabc8827a131004cceb8f4;3;[];1
100000067;60cabc8827a131004cceb8f5;1;[];1
100000068;60cabc8827a131004cceb8f6;5;[];3
100000069;60cabc8827a131004cceb8f7;3;[{"customer":"60cabc7f27a131004cceabc2","amount":2}];3
100000070;60cabc8827a131004cceb8f8;6;[];1
100000071;60cabc8827a131004cceb8f9;3;[];1
100000072;60cabc8827a131004cceb8fa;3;[];3
100000073;60cabc8827a131004cceb8fb;4;[];3
100000074;60cabc8827a131004cceb8fc;6;[];4
100000075;60cabc8827a131004cceb8fd;7;[];3
100000076;60cabc8827a131004cceb8fe;2;[];1
100000077;60cabc8827a131004cceb8ff;5;[];2
100000078;60cabc8827a131004cceb900;7;[];5
100000079;60cabc8827a131004cceb901;5;[{"customer":"60cabc7f27a131004cceabba","amount":1}];5
100000080;60cabc8827a131004cceb902;2;[];2
100000081;60cabc8827a131004cceb903;7;[];3
100000082;60cabc8827a131004cceb904;2;[];1
100000083;60cabc8827a131004cceb905;2;[];2
100000084;60cabc8827a131004cceb906;10;[];7
100000085;60cabc8827a131004cceb907;8;[{"customer":"60cabc7f27a131004cceabc8","amount":1}];4
100000086;60cabc8827a131004cceb908;1;[];1
100000087;60cabc8827a131004cceb909;9;[];1
100000088;60cabc8827a131004cceb90a;10;[];4
100000089;60cabc8827a131004cceb90b;1;[];1
100000090;60cabc8827a131004cceb90c;10;[];2
100000091;60cabc8827a131004cceb90d;2;[{"customer":"60cabc7f27a131004cceabc1","amount":1}];2
100000092;60cabc8827a131004cceb90e;7;[];1
100000093;60cabc8827a131004cceb90f;8;[];4
100000094;60cabc8827a131004cceb910;3;[];1
100000095;60cabc8827a131004cceb911;5;[];1
100000096;60cabc8827a131004cceb912;1;[];1
100000097;60cabc8827a131004cceb913;5;[{"customer":"60cabc7f27a131004cceabbc","amount":2}];4
100000098;60cabc8827a131004cceb914;4;[];1
100000099;60cabc8827a131004cceb915;5;[];3
100000100;60cabc8827a131004cceb916;1;[];1
100000101;60cabc8827a131004cceb917;4;[];4
100000102;60cabc8827a131004cceb918;10;[];1
100000103;60cabc8827a131004cceb919;4;[];3
100000104;60cabc8827a131004cceb91a;6;[];2
100000105;60cabc8827a131004cceb91b;1;[];1
100000106;60cabc8827a131004cceb91c;7;[{"customer":"60cabc7f27a131004cceabbd","amount":1}];3
100000107;60cabc8827a131004cceb91d;3;[{"customer":"60cabc7f27a131004cceabba","amount":2}];3
100000108;60cabc8827a131004cceb91e;5;[];1
100000109;60cabc8827a131004cceb91f;5;[];1
100000110;60cabc8827a131004cceb920;4;[];2
100000111;60cabc8827a131004cceb921;3;[];2
100000112;60cabc8827a131004cceb922;4;[];2
100000113;60cabc8827a131004cceb923;8;[{"customer":"60cabc7f27a131004cceabb9","amount":1}];2
100000114;60cabc8827a131004cceb924;1;[];1
100000115;60cabc8827a131004cceb925;6;[{"customer":"60cabc7f27a131004cceabba","amount":2}];5
100000116;60cabc8827a131004cceb926;5;[];2
100000117;60cabc8827a131004cceb927;5;[];1
100000118;60cabc8827a131004cceb928;10;[{"customer":"60cabc7f27a131004cceabbc","amount":2}];9
100000119;60cabc8827a131004cceb929;9;[];7
100000120;60cabc8827a131004cceb92a;5;[];1
100000121;60cabc8827a131004cceb92b;6;[];5
100000122;60cabc8827a131004cceb92c;6;[];2
100000123;60cabc8827a131004cceb92d;3;[];2
100000124;60cabc8827a131004cceb92e;9;[];3
100000125;60cabc8827a131004cceb92f;5;[];2
100000126;60cabc8827a131004cceb930;1;[];1
100000127;60cabc8827a131004cceb931;8;[{"customer":"60cabc7f27a131004cceabc1","amount":2}];7
100000128;60cabc8827a131004cceb932;1;[];1
100000129;60cabc8827a131004cceb933;6;[];1
100000130;60cabc8827a131004cceb934;10;[{"customer":"60cabc7f27a131004cceabc0","amount":1}];3
100000131;60cabc8827a131004cceb935;8;[];4
100000132;60cabc8827a131004cceb936;1;[];1
100000133;60cabc8827a131004cceb937;7;[];1
100000134;60cabc8827a131004cceb938;1;[];1
100000135;60cabc8827a131004cceb939;8;[];5
100000136;60cabc8827a131004cceb93a;5;[];3
100000137;60cabc8827a131004cceb93b;4;[];3
100000138;60cabc8827a131004cceb93c;5;[];5
100000139;60cabc8827a131004cceb93d;2;[];2
100000140;60cabc8827a131004cceb93e;9;[{"customer":"60cabc7f27a131004cceabc8","amount":2}];3
100000141;60cabc8827a131004cceb93f;6;[{"customer":"60cabc7f27a131004cceabbc","amount":1}];4
100000142;60cabc8827a131004cceb940;8;[];6
100000143;60cabc8827a131004cceb941;2;[];2
100000144;60cabc8827a131004cceb942;3;[];1
100000145;60cabc8827a131004cceb943;5;[];4
100000146;60cabc8827a131004cceb944;1;[];1
100000147;60cabc8827a131004cceb945;5;[];1
100000148;60cabc8827a131004cceb946;3;[];3
100000149;60cabc8827a131004cceb947;5;[];2
100000150;60cabc8827a131004cceb948;8;[];1
100000151;60cabc8827a131004cceb949;7;[];2
100000152;60cabc8827a131004cceb94a;10;[];1
100000153;60cabc8827a131004cceb94b;5;[];1
100000154;60cabc8827a131004cceb94c;9;[{"customer":"60cabc7f27a131004cceabbe","amount":1}];5
100000155;60cabc8827a131004cceb94d;7;[];3
100000156;60cabc8827a131004cceb94e;1;[];1
100000157;60cabc8827a131004cceb94f;9;[];8
100000158;60cabc8827a131004cceb950;3;[];1
100000159;60cabc8827a131004cceb951;7;[];5
100000160;60cabc8827a131004cceb952;10;[];1
100000161;60cabc8827a131004cceb953;3;[];1
100000162;60cabc8827a131004cceb954;6;[];2
100000163;60cabc8827a131004cceb955;5;[];1
100000164;60cabc8827a131004cceb956;6;[{"customer":"60cabc7f27a131004cceabc1","amount":2}];3
100000165;60cabc8827a131004cceb957;6;[];4
100000166;60cabc8827a131004cceb958;7;[];4
100000167;60cabc8827a131004cceb959;5;[];2
100000168;60cabc8827a131004cceb95a;10;[];8
100000169;60cabc8827a131004cceb95b;8;[];4
100000170;60cabc8827a131004cceb95c;4;[];2
100000171;60cabc8827a131004cceb95d;5;[];5
100000172;60cabc8827a131004cceb95e;7;[];7
100000173;60cabc8827a131004cceb95f;3;[];1
100000174;60cabc8827a131004cceb960;5;[];2
100000175;60cabc8827a131004cceb961;1;[];1
100000176;60cabc8827a131004cceb962;6;[];1
100000177;60cabc8827a131004cceb963;2;[];1
100000178;60cabc8827a131004cceb964;3;[];1
100000179;60cabc8827a131004cceb965;1;[];1
100000180;60cabc8827a131004cceb966;9;[{"customer":"60cabc7f27a131004cceabc5","amount":1}];5
100000181;60cabc8827a131004cceb967;6;[];4
100000182;60cabc8827a131004cceb968;2;[];2
100000183;60cabc8827a131004cceb969;4;[];2
100000184;60cabc8827a131004cceb96a;5;[];3
100000185;60cabc8827a131004cceb96b;10;[];5
100000186;60cabc8827a131004cceb96c;8;[];4
100000187;60cabc8827a131004cceb96d;3;[{"customer":"60cabc7f27a131004cceabbb","amount":2}];3
100000188;60cabc8827a131004cceb96e;5;[{"customer":"60cabc7f27a131004cceabbf","amount":1}];2
100000189;60cabc8827a131004cceb96f;1;[];1
100000190;60cabc8827a131004cceb970;5;[];2
100000191;60cabc8827a131004cceb971;3;[];1
100000192;60cabc8827a131004cceb972;9;[{"customer":"60cabc7f27a131004cceabc6","amount":1}];6
100000193;60cabc8827a131004cceb973;8;[];2
100000194;60cabc8827a131004cceb974;6;[];2
100000195;60cabc8827a131004cceb975;2;[];2
100000196;60cabc8827a131004cceb976;2;[];1
100000197;60cabc8827a131004cceb977;6;[];3
100000198;60cabc8827a131004cceb978;9;[];2
100000199;60cabc8827a131004cceb979;4;[{"customer":"60cabc7f27a131004cceabbe","amount":2}];4
100000200;60cabc8827a131004cceb97a;7;[];5
100000201;60cabc8827a131004cceb97b;10;[{"customer":"60cabc7f27a131004cceabbe","amount":2}];6
100000202;60cabc8827a131004cceb97c;7;[];3
100000203;60cabc8827a131004cceb97d;1;[];1
100000204;60cabc8827a131004cceb97e;3;[];1
100000205;60cabc8827a131004cceb97f;8;[];7
100000206;60cabc8827a131004cceb980;2;[];1
100000207;60cabc8827a131004cceb981;1;[];1
100000208;60cabc8827a131004cceb982;6;[{"customer":"60cabc7f27a131004cceabbe","amount":2}];4
100000209;60cabc8827a131004cceb983;7;[];4
100000210;60cabc8827a131004cceb984;4;[];2
100000211;60cabc8827a131004cceb985;6;[];3
100000212;60cabc8827a131004cceb986;9;[];2
100000213;60cabc8827a131004cceb987;6;[];2
100000214;60cabc8827a131004cceb988;10;[];1
100000215;60cabc8827a131004cceb989;8;[];4
100000216;60cabc8827a131004cceb98a;5;[];2
100000217;60cabc8827a131004cceb98b;7;[{"customer":"60cabc7f27a131004cceabbd","amount":2}];3
100000218;60cabc8827a131004cceb98c;3;[];1
100000219;60cabc8827a131004cceb98d;9;[];8
100000220;60cabc8827a131004cceb98e;5;[];1
100000221;60cabc8827a131004cceb98f;1;[];1
100000222;60cabc8827a131004cceb990;5;[{"customer":"60cabc7f27a131004cceabb7","amount":1}];3
100000223;60cabc8827a131004cceb991;7;[];1
100000224;60cabc8827a131004cceb992;2;[];2
100000225;60cabc8827a131004cceb993;3;[];3
100000226;60cabc8827a131004cceb994;3;[];3
100000227;60cabc8827a131004cceb995;8;[{"customer":"60cabc7f27a131004cceabc6","amount":1}];4
100000228;60cabc8827a131004cceb996;9;[{"customer":"60cabc7f27a131004cceabba","amount":1}];6
100000229;60cabc8827a131004cceb997;1;[];1
100000230;60cabc8827a131004cceb998;2;[];1
100000231;60cabc8827a131004cceb999;5;[];3
100000232;60cabc8827a131004cceb99a;7;[];4
100000233;60cabc8827a131004cceb99b;2;[];1
100000234;60cabc8827a131004cceb99c;9;[];9
100000235;60cabc8827a131004cceb99d;1;[];1
100000236;60cabc8827a131004cceb99e;10;[];7
100000237;60cabc8827a131004cceb99f;6;[{"customer":"60cabc7f27a131004cceabbb","amount":1}];3
100000238;60cabc8827a131004cceb9a0;9;[];8
100000239;60cabc8827a131004cceb9a1;8;[];1
100000240;60cabc8827a131004cceb9a2;8;[];8
100000241;60cabc8827a131004cceb9a3;7;[{"customer":"60cabc7f27a131004cceabc0","amount":2}];6
100000242;60cabc8827a131004cceb9a4;3;[];1
100000243;60cabc8827a131004cceb9a5;6;[{"customer":"60cabc7f27a131004cceabc7","amount":2}];4
100000244;60cabc8827a131004cceb9a6;2;[];2
100000245;60cabc8827a131004cceb9a7;3;[];2
100000246;60cabc8827a131004cceb9a8;6;[];1
100000247;60cabc8827a131004cceb9a9;4;[];1
100000248;60cabc8827a131004cceb9aa;8;[];2
100000249;60cabc8827a131004cceb9ab;7;[{"customer":"60cabc7f27a131004cceabc1","amount":2}];3
100000250;60cabc8827a131004cceb9ac;3;[];1
100000251;60cabc8827a131004cceb9ad;4;[];4
100000252;60cabc8827a131004cceb9ae;2;[];2
100000253;60cabc8827a131004cceb9af;9;[];2
100000254;60cabc8827a131004cceb9b0;1;[];1
100000255;60cabc8827a131004cceb9b1;3;[];1
100000256;60cabc8827a131004cceb9b2;8;[{"customer":"60cabc7f27a131004cceabb6","amount":2},{"customer":"60cabc7f27a131004cceabbf","amount":2}];5
100000257;60cabc8827a131004cceb9b3;4;[];2
100000258;60cabc8827a131004cceb9b4;7;[];3
100000259;60cabc8827a131004cceb9b5;1;[];1
100000260;60cabc8827a131004cceb9b6;7;[];6
100000261;60cabc8827a131004cceb9b7;2;[];1
100000262;60cabc8827a131004cceb9b8;5;[];1
100000263;60cabc8827a131004cceb9b9;8;[];5
100000264;60cabc8827a131004cceb9ba;1;[];1
100000265;60cabc8827a131004cceb9bb;8;[];2
100000266;60cabc8827a131004cceb9bc;10;[];10
100000267;60cabc8827a131004cceb9bd;9;[];7
100000268;60cabc8827a131004cceb9be;8;[];4
100000269;60cabc8827a131004cceb9bf;9;[];1
100000270;60cabc8827a131004cceb9c0;3;[];2
100000271;60cabc8827a131004cceb9c1;10;[];8
100000272;60cabc8827a131004cceb9c2;8;[];3
100000273;60cabc8827a131004cceb9c3;8;[];8
100000274;60cabc8827a131004cceb9c4;2;[];2
100000275;60cabc8827a131004cceb9c5;8;[];7
100000276;60cabc8827a131004cceb9c6;10;[];4
100000277;60cabc8827a131004cceb9c7;4;[];4
100000278;60cabc8827a131004cceb9c8;9;[];8
100000279;60cabc8827a131004cceb9c9;2;[];1
100000280;60cabc8827a131004cceb9ca;8;[];3
100000281;60cabc8827a131004cceb9cb;4;[];1
100000282;60cabc8827a131004cceb9cc;10;[];8
100000283;60cabc8827a131004cceb9cd;4;[];3
100000284;60cabc8827a131004cceb9ce;8;[];2
100000285;60cabc8827a131004cceb9cf;4;[];4
100000286;60cabc8827a131004cceb9d0;7;[{"customer":"60cabc7f27a131004cceabbd","amount":2}];6
100000287;60cabc8827a131004cceb9d1;4;[];4
100000288;60cabc8827a131004cceb9d2;2;[];2
100000289;60cabc8827a131004cceb9d3;9;[];6
100000290;60cabc8827a131004cceb9d4;2;[];1
100000291;60cabc8827a131004cceb9d5;1;[];1
100000292;60cabc8827a131004cceb9d6;4;[];2
100000293;60cabc8827a131004cceb9d7;3;[];2
100000294;60cabc8827a131004cceb9d8;5;[];3
100000295;60cabc8827a131004cceb9d9;10;[];10
100000296;60cabc8827a131004cceb9da;5;[];3
100000297;60cabc8827a131004cceb9db;10;[{"customer":"60cabc7f27a131004cceabba","amount":1}];5
100000298;60cabc8827a131004cceb9dc;3;[];2
100000299;60cabc8827a131004cceb9dd;10;[];5
100000300;60cabc8827a131004cceb9de;6;[{"customer":"60cabc7f27a131004cceabc1","amount":1}];6
100000301;60cabc8827a131004cceb9df;3;[];1
100000302;60cabc8827a131004cceb9e0;3;[];3
100000303;60cabc8827a131004cceb9e1;1;[];1
100000304;60cabc8827a131004cceb9e2;5;[];2
100000305;60cabc8827a131004cceb9e3;4;[];3
100000306;60cabc8827a131004cceb9e4;2;[];2
100000307;60cabc8827a131004cceb9e5;1;[];1
100000308;60cabc8827a131004cceb9e6;1;[];1
100000309;60cabc8827a131004cceb9e7;6;[];2
100000310;60cabc8827a131004cceb9e8;2;[];2
100000311;60cabc8827a131004cceb9e9;3;[{"customer":"60cabc7f27a131004cceabc2","amount":1}];3
100000312;60cabc8827a131004cceb9ea;1;[];1
100000313;60cabc8827a131004cceb9eb;9;[];4
100000314;60cabc8827a131004cceb9ec;5;[];2
100000315;60cabc8827a131004cceb9ed;10;[];6
100000316;60cabc8827a131004cceb9ee;6;[];2
100000317;60cabc8827a131004cceb9ef;2;[];1
100000318;60cabc8827a131004cceb9f0;3;[];2
100000319;60cabc8827a131004cceb9f1;4;[{"customer":"60cabc7f27a131004cceabba","amount":1}];3
100000320;60cabc8827a131004cceb9f2;6;[];4
100000321;60cabc8827a131004cceb9f3;9;[];2
100000322;60cabc8827a131004cceb9f4;2;[];1
100000323;60cabc8827a131004cceb9f5;7;[];1
100000324;60cabc8827a131004cceb9f6;9;[];7
100000325;60cabc8827a131004cceb9f7;5;[];2
100000326;60cabc8827a131004cceb9f8;10;[];4
100000327;60cabc8827a131004cceb9f9;9;[];4
100000328;60cabc8827a131004cceb9fa;2;[];1
100000329;60cabc8827a131004cceb9fb;2;[];1
100000330;60cabc8827a131004cceb9fc;3;[];2
100000331;60cabc8827a131004cceb9fd;3;[];3
100000332;60cabc8827a131004cceb9fe;9;[];2
100000333;60cabc8827a131004cceb9ff;9;[];2
100000334;60cabc8827a131004cceba00;7;[];7
100000335;60cabc8827a131004cceba01;3;[];2
100000336;60cabc8827a131004cceba02;8;[{"customer":"60cabc7f27a131004cceabb6","amount":1}];5
100000337;60cabc8827a131004cceba03;2;[];1
100000338;60cabc8827a131004cceba04;3;[];2
100000339;60cabc8827a131004cceba05;8;[{"customer":"60cabc7f27a131004cceabbd","amount":2}];7
100000340;60cabc8827a131004cceba06;9;[];6
100000341;60cabc8827a131004cceba07;8;[];1
100000342;60cabc8827a131004cceba08;5;[];1
100000343;60cabc8827a131004cceba09;3;[];3
100000344;60cabc8827a131004cceba0a;2;[];1
100000345;60cabc8827a131004cceba0b;3;[];1
100000346;60cabc8827a131004cceba0c;6;[{"customer":"60cabc7f27a131004cceabc5","amount":2}];4
100000347;60cabc8827a131004cceba0d;9;[];9
100000348;60cabc8827a131004cceba0e;2;[];1
100000349;60cabc8827a131004cceba0f;9;[];4
100000350;60cabc8827a131004cceba10;8;[{"customer":"60cabc7f27a131004cceabbe","amount":2}];4
100000351;60cabc8827a131004cceba11;4;[{"customer":"60cabc7f27a131004cceabb8","amount":1}];2
100000352;60cabc8827a131004cceba12;6;[];1
100000353;60cabc8827a131004cceba13;8;[];5
100000354;60cabc8827a131004cceba14;9;[];2
100000355;60cabc8827a131004cceba15;3;[];3
100000356;60cabc8827a131004cceba16;8;[];8
100000357;60cabc8827a131004cceba17;7;[];2
100000358;60cabc8827a131004cceba18;3;[{"customer":"60cabc7f27a131004cceabb8","amount":1}];2
100000359;60cabc8827a131004cceba19;3;[];1
100000360;60cabc8827a131004cceba1a;2;[];1
100000361;60cabc8827a131004cceba1b;7;[];2
100000362;60cabc8827a131004cceba1c;3;[];2
100000363;60cabc8827a131004cceba1d;10;[];3
100000364;60cabc8827a131004cceba1e;9;[];1
100000365;60cabc8827a131004cceba1f;1;[];1
100000366;60cabc8827a131004cceba20;8;[];4
100000367;60cabc8827a131004cceba21;3;[];3
100000368;60cabc8827a131004cceba22;5;[];1
100000369;60cabc8827a131004cceba23;5;[];4
100000370;60cabc8827a131004cceba24;5;[];4
100000371;60cabc8827a131004cceba25;7;[];1
100000372;60cabc8827a131004cceba26;10;[];10
100000373;60cabc8827a131004cceba27;7;[{"customer":"60cabc7f27a131004cceabb9","amount":2}];6
100000374;60cabc8827a131004cceba28;7;[{"customer":"60cabc7f27a131004cceabba","amount":1}];5
100000375;60cabc8827a131004cceba29;9;[];6
100000376;60cabc8827a131004cceba2a;2;[];2
100000377;60cabc8827a131004cceba2b;5;[];3
100000378;60cabc8827a131004cceba2c;6;[{"customer":"60cabc7f27a131004cceabc5","amount":2}];5
100000379;60cabc8827a131004cceba2d;5;[];5
100000380;60cabc8827a131004cceba2e;5;[];1
100000381;60cabc8827a131004cceba2f;4;[];2
100000382;60cabc8827a131004cceba30;3;[];3
100000383;60cabc8827a131004cceba31;3;[];1
100000384;60cabc8827a131004cceba32;9;[];5
100000385;60cabc8827a131004cceba33;1;[];1
100000386;60cabc8827a131004cceba34;1;[];1
100000387;60cabc8827a131004cceba35;2;[];1
100000388;60cabc8827a131004cceba36;7;[];2
100000389;60cabc8827a131004cceba37;5;[];1
100000390;60cabc8827a131004cceba38;5;[{"customer":"60cabc7f27a131004cceabc3","amount":2}];4
100000391;60cabc8827a131004cceba39;10;[];8
100000392;60cabc8827a131004cceba3a;5;[];3
100000393;60cabc8827a131004cceba3b;8;[{"customer":"60cabc7f27a131004cceabbc","amount":1}];4
100000394;60cabc8827a131004cceba3c;8;[];8
100000395;60cabc8827a131004cceba3d;10;[];8
100000396;60cabc8827a131004cceba3e;10;[];6
100000397;60cabc8827a131004cceba3f;5;[];2
100000398;60cabc8827a131004cceba40;9;[];8
100000399;60cabc8827a131004cceba41;5;[{"customer":"60cabc7f27a131004cceabb8","amount":2}];4
100000400;60cabc8827a131004cceba42;2;[];1
100000401;60cabc8827a131004cceba43;3;[];1
100000402;60cabc8827a131004cceba44;4;[];1
100000403;60cabc8827a131004cceba45;8;[];4
100000404;60cabc8827a131004cceba46;4;[];4
100000405;60cabc8827a131004cceba47;5;[{"customer":"60cabc7f27a131004cceabc8","amount":2}];5
100000406;60cabc8827a131004cceba48;5;[];3
100000407;60cabc8827a131004cceba49;8;[];4
100000408;60cabc8827a131004cceba4a;2;[];2
100000409;60cabc8827a131004cceba4b;2;[{"customer":"60cabc7f27a131004cceabbb","amount":1}];2
100000410;60cabc8827a131004cceba4c;10;[{"customer":"60cabc7f27a131004cceabb7","amount":2},{"customer":"60cabc7f27a131004cceabbf","amount":1}];8
100000411;60cabc8827a131004cceba4d;1;[];1
100000412;60cabc8927a131004cceba4e;10;[];5
100000413;60cabc8927a131004cceba4f;1;[];1
100000414;60cabc8927a131004cceba50;2;[];2
100000415;60cabc8927a131004cceba51;3;[{"customer":"60cabc7f27a131004cceabc2","amount":1}];3
100000416;60cabc8927a131004cceba52;4;[];2
100000417;60cabc8927a131004cceba53;6;[];5
100000418;60cabc8927a131004cceba54;6;[];5
100000419;60cabc8927a131004cceba55;9;[];6
100000420;60cabc8927a131004cceba56;5;[];2
100000421;60cabc8927a131004cceba57;5;[];5
100000422;60cabc8927a131004cceba58;10;[{"customer":"60cabc7f27a131004cceabc3","amount":1}];5
100000423;60cabc8927a131004cceba59;2;[];2
100000424;60cabc8927a131004cceba5a;1;[];1
100000425;60cabc8927a131004cceba5b;5;[];2
100000426;60cabc8927a131004cceba5c;1;[];1
100000427;60cabc8927a131004cceba5d;2;[];1
100000428;60cabc8927a131004cceba5e;8;[];4
100000429;60cabc8927a131004cceba5f;4;[];1
100000430;60cabc8927a131004cceba60;7;[];4
100000431;60cabc8927a131004cceba61;3;[];3
100000432;60cabc8927a131004cceba62;1;[];1
100000433;60cabc8927a131004cceba63;4;[];1
100000434;60cabc8927a131004cceba64;2;[];2
100000435;60cabc8927a131004cceba65;4;[{"customer":"60cabc7f27a131004cceabc8","amount":2}];4
100000436;60cabc8927a131004cceba66;4;[];2
100000437;60cabc8927a131004cceba67;8;[];1
100000438;60cabc8927a131004cceba68;3;[];2
100000439;60cabc8927a131004cceba69;10;[];2
100000440;60cabc8927a131004cceba6a;7;[];6
100000441;60cabc8927a131004cceba6b;4;[];2
100000442;60cabc8927a131004cceba6c;7;[];6
100000443;60cabc8927a131004cceba6d;7;[];4
100000444;60cabc8927a131004cceba6e;1;[];1
100000445;60cabc8927a131004cceba6f;9;[];9
100000446;60cabc8927a131004cceba70;5;[];4
100000447;60cabc8927a131004cceba71;5;[];2
100000448;60cabc8927a131004cceba72;7;[];2
100000449;60cabc8927a131004cceba73;9;[];4
100000450;60cabc8927a131004cceba74;10;[];2
100000451;60cabc8927a131004cceba75;7;[];6
100000452;60cabc8927a131004cceba76;2;[];2
100000453;60cabc8927a131004cceba77;5;[];5
100000454;60cabc8927a131004cceba78;7;[{"customer":"60cabc7f27a131004cceabbc","amount":1}];2
100000455;60cabc8927a131004cceba79;3;[];2
100000456;60cabc8927a131004cceba7a;8;[{"customer":"60cabc7f27a131004cceabbd","amount":1}];7
100000457;60cabc8927a131004cceba7b;1;[];1
100000458;60cabc8927a131004cceba7c;4;[];2
100000459;60cabc8927a131004cceba7d;10;[];1
100000460;60cabc8927a131004cceba7e;4;[{"customer":"60cabc7f27a131004cceabc5","amount":1}];4
100000461;60cabc8927a131004cceba7f;3;[{"customer":"60cabc7f27a131004cceabb9","amount":1}];3
100000462;60cabc8927a131004cceba80;10;[];7
100000463;60cabc8927a131004cceba81;3;[];1
100000464;60cabc8927a131004cceba82;1;[];1
100000465;60cabc8927a131004cceba83;10;[];4
100000466;60cabc8927a131004cceba84;3;[];2
100000467;60cabc8927a131004cceba85;6;[];1
100000468;60cabc8927a131004cceba86;6;[{"customer":"60cabc7f27a131004cceabc7","amount":2}];3
100000469;60cabc8927a131004cceba87;3;[];3
100000470;60cabc8927a131004cceba88;8;[];4
100000471;60cabc8927a131004cceba89;9;[];6
100000472;60cabc8927a131004cceba8a;3;[];1
100000473;60cabc8927a131004cceba8b;7;[];3
100000474;60cabc8927a131004cceba8c;2;[];1
100000475;60cabc8927a131004cceba8d;3;[{"customer":"60cabc7f27a131004cceabc1","amount":2}];3
100000476;60cabc8927a131004cceba8e;3;[];2
100000477;60cabc8927a131004cceba8f;4;[];1
100000478;60cabc8927a131004cceba90;1;[];1
100000479;60cabc8927a131004cceba91;1;[];1
100000480;60cabc8927a131004cceba92;9;[{"customer":"60cabc7f27a131004cceabc3","amount":1}];7
100000481;60cabc8927a131004cceba93;4;[{"customer":"60cabc7f27a131004cceabc1","amount":1}];2
100000482;60cabc8927a131004cceba94;9;[];1
100000483;60cabc8927a131004cceba95;2;[];1
100000484;60cabc8927a131004cceba96;7;[];2
100000485;60cabc8927a131004cceba97;2;[];1
100000486;60cabc8927a131004cceba98;1;[];1
100000487;60cabc8927a131004cceba99;4;[];2
100000488;60cabc8927a131004cceba9a;1;[];1
100000489;60cabc8927a131004cceba9b;4;[{"customer":"60cabc7f27a131004cceabc6","amount":1}];4
100000490;60cabc8927a131004cceba9c;3;[];3
100000491;60cabc8927a131004cceba9d;9;[{"customer":"60cabc7f27a131004cceabc7","amount":2}];6
100000492;60cabc8927a131004cceba9e;4;[];4
100000493;60cabc8927a131004cceba9f;7;[];2
100000494;60cabc8927a131004ccebaa0;9;[];5
100000495;60cabc8927a131004ccebaa1;7;[];1
100000496;60cabc8927a131004ccebaa2;7;[];1
100000497;60cabc8927a131004ccebaa3;3;[{"customer":"60cabc7f27a131004cceabbd","amount":2}];3
100000498;60cabc8927a131004ccebaa4;8;[];6
100000499;60cabc8927a131004ccebaa5;1;[];1
100000500;60cabc8927a131004ccebaa6;2;[];2
100000501;60cabc8927a131004ccebaa7;8;[{"customer":"60cabc7f27a131004cceabb8","amount":2}];6
100000502;60cabc8927a131004ccebaa8;5;[];4
100000503;60cabc8927a131004ccebaa9;1;[];1
100000504;60cabc8927a131004ccebaaa;4;[];3
100000505;60cabc8927a131004ccebaab;1;[];1
100000506;60cabc8927a131004ccebaac;2;[];2
100000507;60cabc8927a131004ccebaad;10;[];6
100000508;60cabc8927a131004ccebaae;1;[];1
100000509;60cabc8927a131004ccebaaf;10;[];9
100000510;60cabc8927a131004ccebab0;6;[];5
100000511;60cabc8927a131004ccebab1;2;[];1
100000512;60cabc8927a131004ccebab2;7;[];4
100000513;60cabc8927a131004ccebab3;7;[{"customer":"60cabc7f27a131004cceabbe","amount":2},{"customer":"60cabc7f27a131004cceabc0","amount":1}];6
100000514;60cabc8927a131004ccebab4;5;[];2
100000515;60cabc8927a131004ccebab5;4;[{"customer":"60cabc7f27a131004cceabbf","amount":2}];4
100000516;60cabc8927a131004ccebab6;9;[];5
100000517;60cabc8927a131004ccebab7;8;[];4
100000518;60cabc8927a131004ccebab8;5;[];2
100000519;60cabc8927a131004ccebab9;5;[{"customer":"60cabc7f27a131004cceabc5","amount":1}];3
100000520;60cabc8927a131004ccebaba;6;[];3
100000521;60cabc8927a131004ccebabb;6;[];6
100000522;60cabc8927a131004ccebabc;6;[];1
100000523;60cabc8927a131004ccebabd;8;[{"customer":"60cabc7f27a131004cceabbe","amount":2}];5
100000524;60cabc8927a131004ccebabe;1;[];1
100000525;60cabc8927a131004ccebabf;8;[];4
100000526;60cabc8927a131004ccebac0;4;[];3
100000527;60cabc8927a131004ccebac1;7;[{"customer":"60cabc7f27a131004cceabc0","amount":1}];3
100000528;60cabc8927a131004ccebac2;7;[];2
100000529;60cabc8927a131004ccebac3;2;[];2
100000530;60cabc8927a131004ccebac4;10;[];1
100000531;60cabc8927a131004ccebac5;10;[];1
100000532;60cabc8927a131004ccebac6;10;[{"customer":"60cabc7f27a131004cceabb7","amount":1}];5
100000533;60cabc8927a131004ccebac7;5;[];3
100000534;60cabc8927a131004ccebac8;10;[];7
100000535;60cabc8927a131004ccebac9;1;[];1
100000536;60cabc8927a131004ccebaca;5;[];2
100000537;60cabc8927a131004ccebacb;7;[];7
100000538;60cabc8927a131004ccebacc;1;[];1
100000539;60cabc8927a131004ccebacd;5;[];1
100000540;60cabc8927a131004ccebace;4;[];4
100000541;60cabc8927a131004ccebacf;1;[];1
100000542;60cabc8927a131004ccebad0;2;[];2
100000543;60cabc8927a131004ccebad1;4;[];1
100000544;60cabc8927a131004ccebad2;7;[];7
100000545;60cabc8927a131004ccebad3;1;[];1
100000546;60cabc8927a131004ccebad4;4;[{"customer":"60cabc7f27a131004cceabc1","amount":1}];3
100000547;60cabc8927a131004ccebad5;8;[];8
100000548;60cabc8927a131004ccebad6;10;[];4
100000549;60cabc8927a131004ccebad7;1;[];1
100000550;60cabc8927a131004ccebad8;3;[];3
100000551;60cabc8927a131004ccebad9;8;[{"customer":"60cabc7f27a131004cceabc4","amount":2}];8
100000552;60cabc8927a131004ccebada;4;[{"customer":"60cabc7f27a131004cceabb7","amount":2}];3
100000553;60cabc8927a131004ccebadb;7;[];6
100000554;60cabc8927a131004ccebadc;6;[];2
100000555;60cabc8927a131004ccebadd;3;[];2
100000556;60cabc8927a131004ccebade;10;[];10
100000557;60cabc8927a131004ccebadf;8;[];2
100000558;60cabc8927a131004ccebae0;10;[];7
100000559;60cabc8927a131004ccebae1;3;[];2
100000560;60cabc8927a131004ccebae2;9;[];6
100000561;60cabc8927a131004ccebae3;2;[];1
100000562;60cabc8927a131004ccebae4;4;[];2
100000563;60cabc8927a131004ccebae5;2;[];1
100000564;60cabc8927a131004ccebae6;10;[];3
100000565;60cabc8927a131004ccebae7;5;[];5
100000566;60cabc8927a131004ccebae8;8;[];1
100000567;60cabc8927a131004ccebae9;5;[];1
100000568;60cabc8927a131004ccebaea;6;[{"customer":"60cabc7f27a131004cceabb9","amount":2}];6
100000569;60cabc8927a131004ccebaeb;9;[];7
100000570;60cabc8927a131004ccebaec;7;[];2
100000571;60cabc8927a131004ccebaed;4;[];2
100000572;60cabc8927a131004ccebaee;2;[];1
100000573;60cabc8927a131004ccebaef;1;[];1
100000574;60cabc8927a131004ccebaf0;6;[];3
100000575;60cabc8927a131004ccebaf1;5;[];3
100000576;60cabc8927a131004ccebaf2;7;[];5
100000577;60cabc8927a131004ccebaf3;8;[];3
100000578;60cabc8927a131004ccebaf4;6;[];3
100000579;60cabc8927a131004ccebaf5;8;[];8
100000580;60cabc8927a131004ccebaf6;6;[];4
100000581;60cabc8927a131004ccebaf7;9;[];6
100000582;60cabc8927a131004ccebaf8;8;[{"customer":"60cabc7f27a131004cceabbe","amount":2},{"customer":"60cabc7f27a131004cceabc6","amount":1}];6
100000583;60cabc8927a131004ccebaf9;7;[];7
100000584;60cabc8927a131004ccebafa;5;[];3
100000585;60cabc8927a131004ccebafb;1;[];1
100000586;60cabc8927a131004ccebafc;7;[{"customer":"60cabc7f27a131004cceabc2","amount":2}];5
100000587;60cabc8927a131004ccebafd;10;[];6
100000588;60cabc8927a131004ccebafe;5;[];3
100000589;60cabc8927a131004ccebaff;7;[];2
100000590;60cabc8927a131004ccebb00;5;[];4
100000591;60cabc8927a131004ccebb01;8;[];6
100000592;60cabc8927a131004ccebb02;4;[{"customer":"60cabc7f27a131004cceabc6","amount":2}];3
100000593;60cabc8927a131004ccebb03;4;[];3
100000594;60cabc8927a131004ccebb04;5;[];2
100000595;60cabc8927a131004ccebb05;6;[{"customer":"60cabc7f27a131004cceabbd","amount":1}];2
100000596;60cabc8927a131004ccebb06;10;[{"customer":"60cabc7f27a131004cceabb9","amount":2}];10
100000597;60cabc8927a131004ccebb07;1;[];1
100000598;60cabc8927a131004ccebb08;3;[];3
100000599;60cabc8927a131004ccebb09;9;[{"customer":"60cabc7f27a131004cceabc0","amount":1}];3
100000600;60cabc8927a131004ccebb0a;3;[];2
100000601;60cabc8927a131004ccebb0b;1;[];1
100000602;60cabc8927a131004ccebb0c;10;[{"customer":"60cabc7f27a131004cceabc6","amount":2}];7
100000603;60cabc8927a131004ccebb0d;8;[];7
100000604;60cabc8927a131004ccebb0e;8;[];3
100000605;60cabc8927a131004ccebb0f;6;[];2
100000606;60cabc8927a131004ccebb10;9;[];3
100000607;60cabc8927a131004ccebb11;4;[];4
100000608;60cabc8927a131004ccebb12;6;[];1
100000609;60cabc8927a131004ccebb13;6;[];2
100000610;60cabc8927a131004ccebb14;5;[];3
100000611;60cabc8927a131004ccebb15;5;[];4
100000612;60cabc8927a131004ccebb16;6;[{"customer":"60cabc7f27a131004cceabc4","amount":1}];3
100000613;60cabc8927a131004ccebb17;4;[];3
100000614;60cabc8927a131004ccebb18;8;[];1
100000615;60cabc8927a131004ccebb19;7;[];6
100000616;60cabc8927a131004ccebb1a;1;[];1
100000617;60cabc8927a131004ccebb1b;5;[];2
100000618;60cabc8927a131004ccebb1c;7;[];2
100000619;60cabc8927a131004ccebb1d;8;[];8
100000620;60cabc8927a131004ccebb1e;5;[];2
100000621;60cabc8927a131004ccebb1f;6;[];4
100000622;60cabc8927a131004ccebb20;3;[];3
100000623;60cabc8927a131004ccebb21;1;[];1
100000624;60cabc8927a131004ccebb22;2;[];1
100000625;60cabc8927a131004ccebb23;5;[];1
100000626;60cabc8927a131004ccebb24;2;[];1
100000627;60cabc8927a131004ccebb25;4;[];2
100000628;60cabc8927a131004ccebb26;7;[];5
100000629;60cabc8927a131004ccebb27;6;[];2
100000630;60cabc8927a131004ccebb28;1;[];1
100000631;60cabc8927a131004ccebb29;1;[];1
100000632;60cabc8927a131004ccebb2a;3;[];2
100000633;60cabc8927a131004ccebb2b;4;[];4
100000634;60cabc8927a131004ccebb2c;4;[];1
100000635;60cabc8927a131004ccebb2d;8;[{"customer":"60cabc7f27a131004cceabb9","amount":2}];4
100000636;60cabc8927a131004ccebb2e;4;[];3
100000637;60cabc8927a131004ccebb2f;9;[];2
100000638;60cabc8927a131004ccebb30;5;[];1
100000639;60cabc8927a131004ccebb31;10;[];7
100000640;60cabc8927a131004ccebb32;2;[];1
100000641;60cabc8927a131004ccebb33;1;[];1
100000642;60cabc8927a131004ccebb34;4;[];4
100000643;60cabc8927a131004ccebb35;6;[];3
100000644;60cabc8927a131004ccebb36;5;[{"customer":"60cabc7f27a131004cceabc1","amount":1}];2
100000645;60cabc8927a131004ccebb37;6;[{"customer":"60cabc7f27a131004cceabc0","amount":2}];6
100000646;60cabc8927a131004ccebb38;7;[{"customer":"60cabc7f27a131004cceabb7","amount":1},{"customer":"60cabc7f27a131004cceabb8","amount":2}];6
100000647;60cabc8927a131004ccebb39;1;[];1
100000648;60cabc8927a131004ccebb3a;6;[];4
100000649;60cabc8927a131004ccebb3b;3;[];3
100000650;60cabc8927a131004ccebb3c;7;[];2
100000651;60cabc8927a131004ccebb3d;3;[];1
100000652;60cabc8927a131004ccebb3e;3;[];1
100000653;60cabc8927a131004ccebb3f;8;[];4
100000654;60cabc8927a131004ccebb40;8;[];6
100000655;60cabc8927a131004ccebb41;5;[{"customer":"60cabc7f27a131004cceabbd","amount":1}];3
100000656;60cabc8927a131004ccebb42;8;[];3
100000657;60cabc8927a131004ccebb43;2;[{"customer":"60cabc7f27a131004cceabbf","amount":1}];2
100000658;60cabc8927a131004ccebb44;8;[];3
100000659;60cabc8927a131004ccebb45;10;[];5
100000660;60cabc8927a131004ccebb46;8;[{"customer":"60cabc7f27a131004cceabb8","amount":1}];7
100000661;60cabc8927a131004ccebb47;2;[];2
100000662;60cabc8927a131004ccebb48;4;[];3
100000663;60cabc8927a131004ccebb49;5;[];4
100000664;60cabc8927a131004ccebb4a;10;[];5
100000665;60cabc8927a131004ccebb4b;5;[];4
100000666;60cabc8927a131004ccebb4c;8;[];4
100000667;60cabc8927a131004ccebb4d;4;[];2
100000668;60cabc8927a131004ccebb4e;9;[];9
100000669;60cabc8927a131004ccebb4f;8;[{"customer":"60cabc7f27a131004cceabb7","amount":1}];3
100000670;60cabc8927a131004ccebb50;10;[];1
100000671;60cabc8927a131004ccebb51;6;[];2
100000672;60cabc8927a131004ccebb52;6;[];3
100000673;60cabc8927a131004ccebb53;5;[];2
100000674;60cabc8927a131004ccebb54;4;[];1
100000675;60cabc8927a131004ccebb55;1;[];1
100000676;60cabc8927a131004ccebb56;9;[];3
100000677;60cabc8927a131004ccebb57;5;[];5
100000678;60cabc8927a131004ccebb58;8;[];4
100000679;60cabc8927a131004ccebb59;8;[];2
100000680;60cabc8927a131004ccebb5a;10;[];1
100000681;60cabc8927a131004ccebb5b;9;[];9
100000682;60cabc8927a131004ccebb5c;8;[{"customer":"60cabc7f27a131004cceabc0","amount":1}];3
100000683;60cabc8927a131004ccebb5d;10;[];7
100000684;60cabc8927a131004ccebb5e;10;[{"customer":"60cabc7f27a131004cceabc1","amount":2}];4
100000685;60cabc8927a131004ccebb5f;6;[];3
100000686;60cabc8927a131004ccebb60;7;[];7
100000687;60cabc8927a131004ccebb61;7;[];6
100000688;60cabc8927a131004ccebb62;8;[];6
100000689;60cabc8927a131004ccebb63;9;[{"customer":"60cabc7f27a131004cceabc5","amount":1}];6
100000690;60cabc8927a131004ccebb64;9;[{"customer":"60cabc7f27a131004cceabc2","amount":2}];4
100000691;60cabc8927a131004ccebb65;2;[];1
100000692;60cabc8927a131004ccebb66;1;[];1
100000693;60cabc8927a131004ccebb67;2;[{"customer":"60cabc7f27a131004cceabb9","amount":1}];2
100000694;60cabc8927a131004ccebb68;10;[{"customer":"60cabc7f27a131004cceabb7","amount":1},{"customer":"60cabc7f27a131004cceabb9","amount":1},{"customer":"60cabc7f27a131004cceabc8","amount":2}];8
100000695;60cabc8927a131004ccebb69;6;[];2
100000696;60cabc8927a131004ccebb6a;8;[];1
100000697;60cabc8927a131004ccebb6b;5;[];1
100000698;60cabc8927a131004ccebb6c;10;[];4
100000699;60cabc8927a131004ccebb6d;2;[];1
100000700;60cabc8927a131004ccebb6e;4;[];1
100000701;60cabc8927a131004ccebb6f;2;[];1
100000702;60cabc8927a131004ccebb70;8;[];2
100000703;60cabc8927a131004ccebb71;5;[];5
100000704;60cabc8927a131004ccebb72;8;[];1
100000705;60cabc8927a131004ccebb73;6;[];3
100000706;60cabc8927a131004ccebb74;9;[];5
100000707;60cabc8927a131004ccebb75;5;[];1
100000708;60cabc8927a131004ccebb76;1;[];1
100000709;60cabc8927a131004ccebb77;10;[{"customer":"60cabc7f27a131004cceabb7","amount":1},{"customer":"60cabc7f27a131004cceabbd","amount":2}];10
100000710;60cabc8927a131004ccebb78;4;[];2
100000711;60cabc8927a131004ccebb79;6;[{"customer":"60cabc7f27a131004cceabb6","amount":2}];3
100000712;60cabc8927a131004ccebb7a;2;[];2
100000713;60cabc8927a131004ccebb7b;4;[];3
100000714;60cabc8927a131004ccebb7c;2;[];1
100000715;60cabc8927a131004ccebb7d;6;[{"customer":"60cabc7f27a131004cceabc7","amount":1}];3
100000716;60cabc8927a131004ccebb7e;5;[];2
100000717;60cabc8927a131004ccebb7f;7;[];4
100000718;60cabc8927a131004ccebb80;5;[];1
100000719;60cabc8927a131004ccebb81;10;[];3
100000720;60cabc8927a131004ccebb82;10;[];6
100000721;60cabc8927a131004ccebb83;4;[];1
100000722;60cabc8927a131004ccebb84;1;[];1
100000723;60cabc8927a131004ccebb85;4;[{"customer":"60cabc7f27a131004cceabba","amount":2}];4
100000724;60cabc8927a131004ccebb86;9;[];6
100000725;60cabc8927a131004ccebb87;3;[];2
100000726;60cabc8927a131004ccebb88;5;[];2
100000727;60cabc8927a131004ccebb89;4;[];1
100000728;60cabc8927a131004ccebb8a;2;[];1
100000729;60cabc8927a131004ccebb8b;10;[];3
100000730;60cabc8927a131004ccebb8c;5;[{"customer":"60cabc7f27a131004cceabb9","amount":1}];3
100000731;60cabc8927a131004ccebb8d;1;[];1
100000732;60cabc8927a131004ccebb8e;4;[];4
100000733;60cabc8927a131004ccebb8f;10;[{"customer":"60cabc7f27a131004cceabc5","amount":1}];2
100000734;60cabc8927a131004ccebb90;2;[];1
100000735;60cabc8927a131004ccebb91;9;[];2
100000736;60cabc8927a131004ccebb92;8;[];1
100000737;60cabc8927a131004ccebb93;2;[];1
100000738;60cabc8927a131004ccebb94;3;[];1
100000739;60cabc8927a131004ccebb95;1;[];1
100000740;60cabc8927a131004ccebb96;1;[];1
100000741;60cabc8927a131004ccebb97;3;[{"customer":"60cabc7f27a131004cceabb6","amount":2}];3
100000742;60cabc8927a131004ccebb98;3;[];2
100000743;60cabc8927a131004ccebb99;7;[];1
100000744;60cabc8927a131004ccebb9a;2;[];1
100000745;60cabc8927a131004ccebb9b;7;[{"customer":"60cabc7f27a131004cceabba","amount":2}];3
100000746;60cabc8927a131004ccebb9c;6;[];3
100000747;60cabc8927a131004ccebb9d;1;[];1
100000748;60cabc8927a131004ccebb9e;1;[];1
100000749;60cabc8927a131004ccebb9f;4;[{"customer":"60cabc7f27a131004cceabbf","amount":2}];3
100000750;60cabc8927a131004ccebba0;3;[{"customer":"60cabc7f27a131004cceabc5","amount":2}];3
100000751;60cabc8927a131004ccebba1;10;[];9
100000752;60cabc8927a131004ccebba2;5;[];2
100000753;60cabc8927a131004ccebba3;7;[];1
100000754;60cabc8927a131004ccebba4;9;[];6
100000755;60cabc8927a131004ccebba5;6;[];2
100000756;60cabc8927a131004ccebba6;1;[];1
100000757;60cabc8927a131004ccebba7;10;[];1
100000758;60cabc8927a131004ccebba8;4;[];2
100000759;60cabc8927a131004ccebba9;1;[];1
100000760;60cabc8927a131004ccebbaa;8;[];8
100000761;60cabc8927a131004ccebbab;9;[];1
100000762;60cabc8927a131004ccebbac;1;[];1
100000763;60cabc8927a131004ccebbad;7;[];6
100000764;60cabc8927a131004ccebbae;7;[];2
100000765;60cabc8927a131004ccebbaf;3;[{"customer":"60cabc7f27a131004cceabc6","amount":2}];3
100000766;60cabc8927a131004ccebbb0;6;[];6
100000767;60cabc8927a131004ccebbb1;3;[];3
100000768;60cabc8927a131004ccebbb2;1;[];1
100000769;60cabc8927a131004ccebbb3;9;[{"customer":"60cabc7f27a131004cceabbf","amount":1}];5
100000770;60cabc8927a131004ccebbb4;6;[];4
100000771;60cabc8927a131004ccebbb5;10;[];2
100000772;60cabc8927a131004ccebbb6;8;[];5
100000773;60cabc8927a131004ccebbb7;2;[];2
100000774;60cabc8927a131004ccebbb8;7;[];4
100000775;60cabc8927a131004ccebbb9;7;[];6
100000776;60cabc8927a131004ccebbba;3;[];1
100000777;60cabc8927a131004ccebbbb;5;[];5
100000778;60cabc8927a131004ccebbbc;4;[];2
100000779;60cabc8927a131004ccebbbd;5;[{"customer":"60cabc7f27a131004cceabc1","amount":1}];4
100000780;60cabc8927a131004ccebbbe;3;[];2
100000781;60cabc8927a131004ccebbbf;8;[{"customer":"60cabc7f27a131004cceabb9","amount":2}];5
100000782;60cabc8927a131004ccebbc0;3;[];1
100000783;60cabc8927a131004ccebbc1;10;[];2
100000784;60cabc8927a131004ccebbc2;1;[];1
100000785;60cabc8927a131004ccebbc3;6;[{"customer":"60cabc7f27a131004cceabb6","amount":2},{"customer":"60cabc7f27a131004cceabb7","amount":2}];5
100000786;60cabc8927a131004ccebbc4;4;[];2
100000787;60cabc8927a131004ccebbc5;9;[{"customer":"60cabc7f27a131004cceabb8","amount":1}];5
100000788;60cabc8927a131004ccebbc6;4;[];3
100000789;60cabc8927a131004ccebbc7;9;[];6
100000790;60cabc8927a131004ccebbc8;6;[];1
100000791;60cabc8927a131004ccebbc9;1;[];1
100000792;60cabc8927a131004ccebbca;1;[];1
100000793;60cabc8927a131004ccebbcb;3;[];2
100000794;60cabc8927a131004ccebbcc;3;[];3
100000795;60cabc8927a131004ccebbcd;1;[];1
100000796;60cabc8927a131004ccebbce;1;[];1
100000797;60cabc8927a131004ccebbcf;2;[];1
100000798;60cabc8927a131004ccebbd0;7;[];3
100000799;60cabc8927a131004ccebbd1;4;[];2
100000800;60cabc8927a131004ccebbd2;10;[];6
100000801;60cabc8927a131004ccebbd3;10;[{"customer":"60cabc7f27a131004cceabc0","amount":1},{"customer":"60cabc7f27a131004cceabc8","amount":1}];8
100000802;60cabc8927a131004ccebbd4;2;[];1
100000803;60cabc8927a131004ccebbd5;7;[{"customer":"60cabc7f27a131004cceabc4","amount":1}];2
100000804;60cabc8927a131004ccebbd6;3;[];2
100000805;60cabc8927a131004ccebbd7;5;[];4
100000806;60cabc8927a131004ccebbd8;5;[{"customer":"60cabc7f27a131004cceabc4","amount":2}];4
100000807;60cabc8927a131004ccebbd9;1;[];1
100000808;60cabc8927a131004ccebbda;9;[];8
100000809;60cabc8927a131004ccebbdb;9;[];1
100000810;60cabc8927a131004ccebbdc;2;[{"customer":"60cabc7f27a131004cceabbf","amount":1}];2
100000811;60cabc8927a131004ccebbdd;9;[];1
100000812;60cabc8927a131004ccebbde;10;[];7
100000813;60cabc8927a131004ccebbdf;10;[];3
100000814;60cabc8927a131004ccebbe0;10;[];1
100000815;60cabc8927a131004ccebbe1;8;[];6
100000816;60cabc8927a131004ccebbe2;1;[];1
100000817;60cabc8927a131004ccebbe3;9;[{"customer":"60cabc7f27a131004cceabc0","amount":2}];3
100000818;60cabc8927a131004ccebbe4;6;[];4
100000819;60cabc8927a131004ccebbe5;4;[];4
100000820;60cabc8927a131004ccebbe6;10;[];9
100000821;60cabc8927a131004ccebbe7;3;[];2
100000822;60cabc8927a131004ccebbe8;9;[{"customer":"60cabc7f27a131004cceabc5","amount":1}];8
100000823;60cabc8927a131004ccebbe9;2;[];1
100000824;60cabc8927a131004ccebbea;4;[];2
100000825;60cabc8927a131004ccebbeb;9;[];9
100000826;60cabc8927a131004ccebbec;6;[{"customer":"60cabc7f27a131004cceabc2","amount":1}];3
100000827;60cabc8927a131004ccebbed;3;[];2
100000828;60cabc8927a131004ccebbee;4;[];2
100000829;60cabc8927a131004ccebbef;4;[];1
100000830;60cabc8927a131004ccebbf0;6;[];4
100000831;60cabc8927a131004ccebbf1;2;[];2
100000832;60cabc8927a131004ccebbf2;3;[];2
100000833;60cabc8927a131004ccebbf3;1;[];1
100000834;60cabc8927a131004ccebbf4;10;[];9
100000835;60cabc8927a131004ccebbf5;5;[];2
100000836;60cabc8927a131004ccebbf6;2;[];2
100000837;60cabc8927a131004ccebbf7;8;[{"customer":"60cabc7f27a131004cceabc4","amount":2},{"customer":"60cabc7f27a131004cceabc6","amount":2},{"customer":"60cabc7f27a131004cceabc7","amount":1}];8
100000838;60cabc8927a131004ccebbf8;2;[];1
100000839;60cabc8927a131004ccebbf9;4;[];3
100000840;60cabc8927a131004ccebbfa;7;[];3
100000841;60cabc8927a131004ccebbfb;10;[{"customer":"60cabc7f27a131004cceabbf","amount":2}];5
100000842;60cabc8927a131004ccebbfc;2;[];2
100000843;60cabc8927a131004ccebbfd;2;[];2
100000844;60cabc8927a131004ccebbfe;4;[{"customer":"60cabc7f27a131004cceabbf","amount":1}];3
100000845;60cabc8a27a131004ccebbff;9;[{"customer":"60cabc7f27a131004cceabc6","amount":1}];7
100000846;60cabc8a27a131004ccebc00;7;[];1
100000847;60cabc8a27a131004ccebc01;10;[];9
100000848;60cabc8a27a131004ccebc02;6;[];3
100000849;60cabc8a27a131004ccebc03;4;[];4
100000850;60cabc8a27a131004ccebc04;1;[];1
100000851;60cabc8a27a131004ccebc05;7;[{"customer":"60cabc7f27a131004cceabc8","amount":1}];7
100000852;60cabc8a27a131004ccebc06;4;[];4
100000853;60cabc8a27a131004ccebc07;2;[];1
100000854;60cabc8a27a131004ccebc08;9;[];3
100000855;60cabc8a27a131004ccebc09;3;[];3
100000856;60cabc8a27a131004ccebc0a;4;[];2
100000857;60cabc8a27a131004ccebc0b;3;[];1
100000858;60cabc8a27a131004ccebc0c;5;[];5
100000859;60cabc8a27a131004ccebc0d;4;[];3
100000860;60cabc8a27a131004ccebc0e;8;[{"customer":"60cabc7f27a131004cceabb7","amount":2}];3
100000861;60cabc8a27a131004ccebc0f;2;[];1
100000862;60cabc8a27a131004ccebc10;2;[];1
100000863;60cabc8a27a131004ccebc11;9;[];6
100000864;60cabc8a27a131004ccebc12;8;[];2
100000865;60cabc8a27a131004ccebc13;2;[];1
100000866;60cabc8a27a131004ccebc14;7;[{"customer":"60cabc7f27a131004cceabc8","amount":1}];4
100000867;60cabc8a27a131004ccebc15;9;[];1
100000868;60cabc8a27a131004ccebc16;9;[];4
100000869;60cabc8a27a131004ccebc17;9;[];2
100000870;60cabc8a27a131004ccebc18;10;[];7
100000871;60cabc8a27a131004ccebc19;7;[];6
100000872;60cabc8a27a131004ccebc1a;3;[];3
100000873;60cabc8a27a131004ccebc1b;5;[];2
100000874;60cabc8a27a131004ccebc1c;5;[];4
100000875;60cabc8a27a131004ccebc1d;10;[{"customer":"60cabc7f27a131004cceabbd","amount":1}];10
100000876;60cabc8a27a131004ccebc1e;1;[];1
100000877;60cabc8a27a131004ccebc1f;8;[];4
100000878;60cabc8a27a131004ccebc20;5;[];2
100000879;60cabc8a27a131004ccebc21;3;[];1
100000880;60cabc8a27a131004ccebc22;5;[{"customer":"60cabc7f27a131004cceabb8","amount":2}];3
100000881;60cabc8a27a131004ccebc23;2;[];1
100000882;60cabc8a27a131004ccebc24;3;[];3
100000883;60cabc8a27a131004ccebc25;4;[];1
100000884;60cabc8a27a131004ccebc26;6;[];4
100000885;60cabc8a27a131004ccebc27;9;[{"customer":"60cabc7f27a131004cceabc4","amount":2}];3
100000886;60cabc8a27a131004ccebc28;1;[];1
100000887;60cabc8a27a131004ccebc29;10;[{"customer":"60cabc7f27a131004cceabb7","amount":1}];8
100000888;60cabc8a27a131004ccebc2a;1;[];1
100000889;60cabc8a27a131004ccebc2b;4;[];3
100000890;60cabc8a27a131004ccebc2c;5;[];1
100000891;60cabc8a27a131004ccebc2d;1;[];1
100000892;60cabc8a27a131004ccebc2e;3;[];3
100000893;60cabc8a27a131004ccebc2f;3;[];3
100000894;60cabc8a27a131004ccebc30;8;[];5
100000895;60cabc8a27a131004ccebc31;10;[];1
100000896;60cabc8a27a131004ccebc32;2;[];1
100000897;60cabc8a27a131004ccebc33;8;[{"customer":"60cabc7f27a131004cceabc4","amount":1}];6
100000898;60cabc8a27a131004ccebc34;3;[{"customer":"60cabc7f27a131004cceabb9","amount":1},{"customer":"60cabc7f27a131004cceabc5","amount":1}];3
100000899;60cabc8a27a131004ccebc35;4;[{"customer":"60cabc7f27a131004cceabc5","amount":1}];3
100000900;60cabc8a27a131004ccebc36;3;[];2
100000901;60cabc8a27a131004ccebc37;2;[];2
100000902;60cabc8a27a131004ccebc38;8;[];8
100000903;60cabc8a27a131004ccebc39;10;[];8
100000904;60cabc8a27a131004ccebc3a;3;[];3
100000905;60cabc8a27a131004ccebc3b;8;[];2
100000906;60cabc8a27a131004ccebc3c;9;[];5
100000907;60cabc8a27a131004ccebc3d;3;[];3
100000908;60cabc8a27a131004ccebc3e;1;[];1
100000909;60cabc8a27a131004ccebc3f;5;[];1
100000910;60cabc8a27a131004ccebc40;6;[];5
100000911;60cabc8a27a131004ccebc41;4;[];4
100000912;60cabc8a27a131004ccebc42;7;[];4
100000913;60cabc8a27a131004ccebc43;3;[];2
100000914;60cabc8a27a131004ccebc44;2;[];1
100000915;60cabc8a27a131004ccebc45;3;[];2
100000916;60cabc8a27a131004ccebc46;9;[];3
100000917;60cabc8a27a131004ccebc47;9;[{"customer":"60cabc7f27a131004cceabc1","amount":2},{"customer":"60cabc7f27a131004cceabc7","amount":2}];7
100000918;60cabc8a27a131004ccebc48;3;[];3
100000919;60cabc8a27a131004ccebc49;3;[];3
100000920;60cabc8a27a131004ccebc4a;4;[];4
100000921;60cabc8a27a131004ccebc4b;1;[];1
100000922;60cabc8a27a131004ccebc4c;8;[];4
100000923;60cabc8a27a131004ccebc4d;2;[{"customer":"60cabc7f27a131004cceabbc","amount":1}];2
100000924;60cabc8a27a131004ccebc4e;7;[];4
100000925;60cabc8a27a131004ccebc4f;9;[];4
100000926;60cabc8a27a131004ccebc50;1;[];1
100000927;60cabc8a27a131004ccebc51;5;[{"customer":"60cabc7f27a131004cceabbb","amount":1}];5
100000928;60cabc8a27a131004ccebc52;5;[{"customer":"60cabc7f27a131004cceabc7","amount":2}];5
100000929;60cabc8a27a131004ccebc53;9;[];4
100000930;60cabc8a27a131004ccebc54;5;[];1
100000931;60cabc8a27a131004ccebc55;3;[];2
100000932;60cabc8a27a131004ccebc56;8;[];1
100000933;60cabc8a27a131004ccebc57;1;[];1
100000934;60cabc8a27a131004ccebc58;4;[];3
100000935;60cabc8a27a131004ccebc59;1;[];1
100000936;60cabc8a27a131004ccebc5a;8;[{"customer":"60cabc7f27a131004cceabc4","amount":1}];4
100000937;60cabc8a27a131004ccebc5b;9;[];3
100000938;60cabc8a27a131004ccebc5c;6;[{"customer":"60cabc7f27a131004cceabc5","amount":1}];5
100000939;60cabc8a27a131004ccebc5d;3;[];1
100000940;60cabc8a27a131004ccebc5e;8;[];7
100000941;60cabc8a27a131004ccebc5f;10;[];6
100000942;60cabc8a27a131004ccebc60;2;[];1
100000943;60cabc8a27a131004ccebc61;7;[{"customer":"60cabc7f27a131004cceabba","amount":1}];7
100000944;60cabc8a27a131004ccebc62;5;[{"customer":"60cabc7f27a131004cceabba","amount":1}];2
100000945;60cabc8a27a131004ccebc63;5;[];5
100000946;60cabc8a27a131004ccebc64;5;[];3
100000947;60cabc8a27a131004ccebc65;3;[];2
100000948;60cabc8a27a131004ccebc66;3;[{"customer":"60cabc7f27a131004cceabc5","amount":2}];3
100000949;60cabc8a27a131004ccebc67;6;[];6
100000950;60cabc8a27a131004ccebc68;6;[];2
100000951;60cabc8a27a131004ccebc69;1;[];1
100000952;60cabc8a27a131004ccebc6a;8;[];1
100000953;60cabc8a27a131004ccebc6b;7;[{"customer":"60cabc7f27a131004cceabc6","amount":1}];5
100000954;60cabc8a27a131004ccebc6c;8;[];6
100000955;60cabc8a27a131004ccebc6d;6;[];6
100000956;60cabc8a27a131004ccebc6e;5;[];4
100000957;60cabc8a27a131004ccebc6f;1;[];1
100000958;60cabc8a27a131004ccebc70;3;[];1
100000959;60cabc8a27a131004ccebc71;1;[];1
100000960;60cabc8a27a131004ccebc72;1;[];1
100000961;60cabc8a27a131004ccebc73;10;[];5
100000962;60cabc8a27a131004ccebc74;4;[];1
100000963;60cabc8a27a131004ccebc75;5;[{"customer":"60cabc7f27a131004cceabc0","amount":2}];4
100000964;60cabc8a27a131004ccebc76;1;[];1
100000965;60cabc8a27a131004ccebc77;6;[];1
100000966;60cabc8a27a131004ccebc78;1;[];1
100000967;60cabc8a27a131004ccebc79;9;[];3
100000968;60cabc8a27a131004ccebc7a;4;[];2
100000969;60cabc8a27a131004ccebc7b;1;[];1
100000970;60cabc8a27a131004ccebc7c;2;[];1
100000971;60cabc8a27a131004ccebc7d;2;[];1
100000972;60cabc8a27a131004ccebc7e;7;[];1
100000973;60cabc8a27a131004ccebc7f;4;[];1
100000974;60cabc8a27a131004ccebc80;8;[];2
100000975;60cabc8a27a131004ccebc81;3;[];2
100000976;60cabc8a27a131004ccebc82;10;[{"customer":"60cabc7f27a131004cceabb6","amount":1}];7
100000977;60cabc8a27a131004ccebc83;7;[];1
100000978;60cabc8a27a131004ccebc84;9;[{"customer":"60cabc7f27a131004cceabc0","amount":2},{"customer":"60cabc7f27a131004cceabc3","amount":1},{"customer":"60cabc7f27a131004cceabc4","amount":1}];7
100000979;60cabc8a27a131004ccebc85;4;[];2
100000980;60cabc8a27a131004ccebc86;1;[];1
100000981;60cabc8a27a131004ccebc87;2;[];1
100000982;60cabc8a27a131004ccebc88;5;[];3
100000983;60cabc8a27a131004ccebc89;10;[];7
100000984;60cabc8a27a131004ccebc8a;10;[{"customer":"60cabc7f27a131004cceabbb","amount":1}];10
100000985;60cabc8a27a131004ccebc8b;5;[];1
100000986;60cabc8a27a131004ccebc8c;4;[];1
100000987;60cabc8a27a131004ccebc8d;4;[];1
100000988;60cabc8a27a131004ccebc8e;1;[];1
100000989;60cabc8a27a131004ccebc8f;1;[];1
100000990;60cabc8a27a131004ccebc90;3;[];1
100000991;60cabc8a27a131004ccebc91;3;[];2
100000992;60cabc8a27a131004ccebc92;3;[];1
100000993;60cabc8a27a131004ccebc93;6;[];5
100000994;60cabc8a27a131004ccebc94;10;[];3
100000995;60cabc8a27a131004ccebc95;9;[];9
100000996;60cabc8a27a131004ccebc96;3;[];3
100000997;60cabc8a27a131004ccebc97;3;[];3
100000998;60cabc8a27a131004ccebc98;1;[];1
100000999;60cabc8a27a131004ccebc99;4;[{"customer":"60cabc7f27a131004cceabc3","amount":1}];3
100001000;60cabc8a27a131004ccebc9a;7;[];1
100001001;60cabc8a27a131004ccebc9b;1;[];1
100001002;60cabc8a27a131004ccebc9c;3;[];2
100001003;60cabc8a27a131004ccebc9d;7;[];3
100001004;60cabc8a27a131004ccebc9e;1;[];1
100001005;60cabc8a27a131004ccebc9f;6;[{"customer":"60cabc7f27a131004cceabc0","amount":1}];5
100001006;60cabc8a27a131004ccebca0;4;[];1
100001007;60cabc8a27a131004ccebca1;2;[];2
100001008;60cabc8a27a131004ccebca2;10;[{"customer":"60cabc7f27a131004cceabc4","amount":1}];2
100001009;60cabc8a27a131004ccebca3;2;[];2
100001010;60cabc8a27a131004ccebca4;2;[];1
100001011;60cabc8a27a131004ccebca5;9;[];1
100001012;60cabc8a27a131004ccebca6;10;[];9
100001013;60cabc8a27a131004ccebca7;10;[];7
100001014;60cabc8a27a131004ccebca8;3;[];3
100001015;60cabc8a27a131004ccebca9;10;[];7
100001016;60cabc8a27a131004ccebcaa;3;[];3
100001017;60cabc8a27a131004ccebcab;2;[];1
100001018;60cabc8a27a131004ccebcac;5;[{"customer":"60cabc7f27a131004cceabb6","amount":1}];5
100001019;60cabc8a27a131004ccebcad;7;[];7
100001020;60cabc8a27a131004ccebcae;7;[];7
100001021;60cabc8a27a131004ccebcaf;5;[];1
100001022;60cabc8a27a131004ccebcb0;10;[];4
100001023;60cabc8a27a131004ccebcb1;3;[];3
100001024;60cabc8a27a131004ccebcb2;7;[];7
100001025;60cabc8a27a131004ccebcb3;6;[];1
100001026;60cabc8a27a131004ccebcb4;1;[];1
100001027;60cabc8a27a131004ccebcb5;3;[];2
100001028;60cabc8a27a131004ccebcb6;3;[];3
100001029;60cabc8a27a131004ccebcb7;3;[{"customer":"60cabc7f27a131004cceabba","amount":1}];3
100001030;60cabc8a27a131004ccebcb8;5;[];3
100001031;60cabc8a27a131004ccebcb9;1;[];1
100001032;60cabc8a27a131004ccebcba;3;[];1
100001033;60cabc8a27a131004ccebcbb;9;[];8
100001034;60cabc8a27a131004ccebcbc;4;[];2
100001035;60cabc8a27a131004ccebcbd;8;[];4
100001036;60cabc8a27a131004ccebcbe;9;[{"customer":"60cabc7f27a131004cceabc5","amount":1}];8
100001037;60cabc8a27a131004ccebcbf;4;[];4
100001038;60cabc8a27a131004ccebcc0;4;[];4
100001039;60cabc8a27a131004ccebcc1;9;[];5
100001040;60cabc8a27a131004ccebcc2;5;[];4
100001041;60cabc8a27a131004ccebcc3;8;[];8
100001042;60cabc8a27a131004ccebcc4;1;[];1
100001043;60cabc8a27a131004ccebcc5;7;[{"customer":"60cabc7f27a131004cceabc1","amount":2}];6
100001044;60cabc8a27a131004ccebcc6;7;[];2
100001045;60cabc8a27a131004ccebcc7;10;[{"customer":"60cabc7f27a131004cceabb8","amount":1}];10
100001046;60cabc8a27a131004ccebcc8;2;[];2
100001047;60cabc8a27a131004ccebcc9;4;[];4
100001048;60cabc8a27a131004ccebcca;5;[];3
100001049;60cabc8a27a131004ccebccb;4;[];1
100001050;60cabc8a27a131004ccebccc;6;[{"customer":"60cabc7f27a131004cceabc3","amount":1},{"customer":"60cabc7f27a131004cceabc5","amount":1}];4
100001051;60cabc8a27a131004ccebccd;8;[];7
100001052;60cabc8a27a131004ccebcce;6;[];5
100001053;60cabc8a27a131004ccebccf;5;[{"customer":"60cabc7f27a131004cceabbc","amount":2}];4
100001054;60cabc8a27a131004ccebcd0;10;[];2
100001055;60cabc8a27a131004ccebcd1;1;[];1
100001056;60cabc8a27a131004ccebcd2;4;[{"customer":"60cabc7f27a131004cceabb8","amount":2}];4
100001057;60cabc8a27a131004ccebcd3;8;[];7
100001058;60cabc8a27a131004ccebcd4;9;[];7
100001059;60cabc8a27a131004ccebcd5;2;[];1
100001060;60cabc8a27a131004ccebcd6;7;[];6
100001061;60cabc8a27a131004ccebcd7;6;[];2
100001062;60cabc8a27a131004ccebcd8;3;[{"customer":"60cabc7f27a131004cceabb9","amount":1}];2
100001063;60cabc8a27a131004ccebcd9;4;[];1
100001064;60cabc8a27a131004ccebcda;6;[];5
100001065;60cabc8a27a131004ccebcdb;10;[];10
100001066;60cabc8a27a131004ccebcdc;2;[];2
100001067;60cabc8a27a131004ccebcdd;2;[];1
100001068;60cabc8a27a131004ccebcde;6;[];1
100001069;60cabc8a27a131004ccebcdf;4;[];3
100001070;60cabc8a27a131004ccebce0;10;[];1
100001071;60cabc8a27a131004ccebce1;4;[];4
100001072;60cabc8a27a131004ccebce2;10;[];1
100001073;60cabc8a27a131004ccebce3;3;[{"customer":"60cabc7f27a131004cceabc1","amount":1}];2
100001074;60cabc8a27a131004ccebce4;4;[];3
100001075;60cabc8a27a131004ccebce5;7;[];2
100001076;60cabc8a27a131004ccebce6;6;[];1
100001077;60cabc8a27a131004ccebce7;5;[];2
100001078;60cabc8a27a131004ccebce8;4;[];4
100001079;60cabc8a27a131004ccebce9;3;[];1
100001080;60cabc8a27a131004ccebcea;3;[];3
100001081;60cabc8a27a131004ccebceb;10;[{"customer":"60cabc7f27a131004cceabbd","amount":2}];3
100001082;60cabc8a27a131004ccebcec;6;[];2
100001083;60cabc8a27a131004ccebced;6;[];6
100001084;60cabc8a27a131004ccebcee;10;[];8
100001085;60cabc8a27a131004ccebcef;4;[];4
100001086;60cabc8a27a131004ccebcf0;7;[];5
100001087;60cabc8a27a131004ccebcf1;1;[];1
100001088;60cabc8a27a131004ccebcf2;3;[];2
100001089;60cabc8a27a131004ccebcf3;4;[];4
100001090;60cabc8a27a131004ccebcf4;9;[];7
100001091;60cabc8a27a131004ccebcf5;7;[];3
100001092;60cabc8a27a131004ccebcf6;9;[];3
100001093;60cabc8a27a131004ccebcf7;9;[{"customer":"60cabc7f27a131004cceabb8","amount":2},{"customer":"60cabc7f27a131004cceabbe","amount":2}];8
100001094;60cabc8a27a131004ccebcf8;4;[];2
100001095;60cabc8a27a131004ccebcf9;7;[];5
100001096;60cabc8a27a131004ccebcfa;7;[];1
100001097;60cabc8a27a131004ccebcfb;7;[];7
100001098;60cabc8a27a131004ccebcfc;8;[];1
100001099;60cabc8a27a131004ccebcfd;4;[];4
100001100;60cabc8a27a131004ccebcfe;1;[];1
100001101;60cabc8a27a131004ccebcff;1;[];1
100001102;60cabc8a27a131004ccebd00;3;[];1
100001103;60cabc8a27a131004ccebd01;7;[];6
100001104;60cabc8a27a131004ccebd02;8;[];5
100001105;60cabc8a27a131004ccebd03;1;[];1
100001106;60cabc8a27a131004ccebd04;9;[];3
100001107;60cabc8a27a131004ccebd05;3;[];2
100001108;60cabc8a27a131004ccebd06;4;[{"customer":"60cabc7f27a131004cceabbc","amount":2}];4
100001109;60cabc8a27a131004ccebd07;10;[];10
100001110;60cabc8a27a131004ccebd08;5;[];3
100001111;60cabc8a27a131004ccebd09;9;[];6
100001112;60cabc8a27a131004ccebd0a;10;[{"customer":"60cabc7f27a131004cceabba","amount":1}];4
100001113;60cabc8a27a131004ccebd0b;5;[];2
100001114;60cabc8a27a131004ccebd0c;5;[{"customer":"60cabc7f27a131004cceabb6","amount":1},{"customer":"60cabc7f27a131004cceabbc","amount":1}];4
100001115;60cabc8a27a131004ccebd0d;7;[];2
100001116;60cabc8a27a131004ccebd0e;2;[];2
100001117;60cabc8a27a131004ccebd0f;8;[];2
100001118;60cabc8a27a131004ccebd10;8;[{"customer":"60cabc7f27a131004cceabb6","amount":1}];7
100001119;60cabc8a27a131004ccebd11;1;[];1
100001120;60cabc8a27a131004ccebd12;8;[];2
100001121;60cabc8a27a131004ccebd13;6;[];2
100001122;60cabc8a27a131004ccebd14;2;[];1
100001123;60cabc8a27a131004ccebd15;4;[];2
100001124;60cabc8a27a131004ccebd16;8;[{"customer":"60cabc7f27a131004cceabb7","amount":2}];6
100001125;60cabc8a27a131004ccebd17;1;[];1
100001126;60cabc8a27a131004ccebd18;2;[];2
100001127;60cabc8a27a131004ccebd19;8;[];7
100001128;60cabc8a27a131004ccebd1a;5;[];4
100001129;60cabc8a27a131004ccebd1b;1;[];1
100001130;60cabc8a27a131004ccebd1c;2;[];1
100001131;60cabc8a27a131004ccebd1d;1;[];1
100001132;60cabc8a27a131004ccebd1e;10;[];10
100001133;60cabc8a27a131004ccebd1f;2;[];2
100001134;60cabc8a27a131004ccebd20;9;[];8
100001135;60cabc8a27a131004ccebd21;2;[];2
100001136;60cabc8a27a131004ccebd22;4;[];3
100001137;60cabc8a27a131004ccebd23;8;[];7
100001138;60cabc8a27a131004ccebd24;7;[];1
100001139;60cabc8a27a131004ccebd25;3;[{"customer":"60cabc7f27a131004cceabc5","amount":2}];3
100001140;60cabc8a27a131004ccebd26;9;[];8
100001141;60cabc8a27a131004ccebd27;8;[];2
100001142;60cabc8a27a131004ccebd28;3;[{"customer":"60cabc7f27a131004cceabbc","amount":1}];2
100001143;60cabc8a27a131004ccebd29;1;[];1
100001144;60cabc8a27a131004ccebd2a;3;[];3
100001145;60cabc8a27a131004ccebd2b;8;[];7
100001146;60cabc8a27a131004ccebd2c;8;[];1
100001147;60cabc8a27a131004ccebd2d;10;[];4
100001148;60cabc8a27a131004ccebd2e;6;[{"customer":"60cabc7f27a131004cceabc7","amount":1}];5
100001149;60cabc8a27a131004ccebd2f;3;[];1
100001150;60cabc8a27a131004ccebd30;7;[];2
100001151;60cabc8a27a131004ccebd31;1;[];1
100001152;60cabc8a27a131004ccebd32;8;[];2
100001153;60cabc8a27a131004ccebd33;9;[];7
100001154;60cabc8a27a131004ccebd34;1;[];1
100001155;60cabc8a27a131004ccebd35;8;[];8
100001156;60cabc8a27a131004ccebd36;6;[];2
100001157;60cabc8a27a131004ccebd37;3;[];3
100001158;60cabc8a27a131004ccebd38;10;[];6
100001159;60cabc8a27a131004ccebd39;9;[{"customer":"60cabc7f27a131004cceabb8","amount":2}];3
100001160;60cabc8a27a131004ccebd3a;9;[];3
100001161;60cabc8a27a131004ccebd3b;2;[];1
100001162;60cabc8a27a131004ccebd3c;7;[];2
100001163;60cabc8a27a131004ccebd3d;2;[];1
100001164;60cabc8a27a131004ccebd3e;4;[];3
100001165;60cabc8a27a131004ccebd3f;2;[];2
100001166;60cabc8a27a131004ccebd40;8;[{"customer":"60cabc7f27a131004cceabc1","amount":2}];7
100001167;60cabc8a27a131004ccebd41;9;[{"customer":"60cabc7f27a131004cceabbb","amount":1},{"customer":"60cabc7f27a131004cceabbc","amount":2}];5
100001168;60cabc8a27a131004ccebd42;3;[];2
100001169;60cabc8a27a131004ccebd43;9;[{"customer":"60cabc7f27a131004cceabb7","amount":1}];3
100001170;60cabc8a27a131004ccebd44;2;[];1
100001171;60cabc8a27a131004ccebd45;4;[];2
100001172;60cabc8a27a131004ccebd46;4;[];3
100001173;60cabc8a27a131004ccebd47;8;[];5
100001174;60cabc8a27a131004ccebd48;1;[];1
100001175;60cabc8a27a131004ccebd49;9;[];4
100001176;60cabc8a27a131004ccebd4a;7;[];1
100001177;60cabc8a27a131004ccebd4b;2;[];2
100001178;60cabc8a27a131004ccebd4c;1;[];1
100001179;60cabc8a27a131004ccebd4d;4;[{"customer":"60cabc7f27a131004cceabc0","amount":1}];4
100001180;60cabc8a27a131004ccebd4e;5;[];4
100001181;60cabc8a27a131004ccebd4f;6;[];3
100001182;60cabc8a27a131004ccebd50;1;[];1
100001183;60cabc8a27a131004ccebd51;9;[];1
100001184;60cabc8a27a131004ccebd52;3;[];2
100001185;60cabc8a27a131004ccebd53;9;[];7
100001186;60cabc8a27a131004ccebd54;10;[{"customer":"60cabc7f27a131004cceabbc","amount":1}];4
100001187;60cabc8a27a131004ccebd55;4;[{"customer":"60cabc7f27a131004cceabbc","amount":1}];2
100001188;60cabc8a27a131004ccebd56;1;[];1
100001189;60cabc8a27a131004ccebd57;9;[];4
100001190;60cabc8a27a131004ccebd58;6;[];6
100001191;60cabc8a27a131004ccebd59;6;[];1
100001192;60cabc8a27a131004ccebd5a;1;[];1
100001193;60cabc8a27a131004ccebd5b;5;[];2
100001194;60cabc8a27a131004ccebd5c;6;[];1
100001195;60cabc8a27a131004ccebd5d;8;[];3
100001196;60cabc8a27a131004ccebd5e;10;[{"customer":"60cabc7f27a131004cceabbc","amount":1}];5
100001197;60cabc8a27a131004ccebd5f;8;[];1
100001198;60cabc8a27a131004ccebd60;3;[];3
100001199;60cabc8a27a131004ccebd61;9;[];5
100001200;60cabc8a27a131004ccebd62;4;[];4
100001201;60cabc8a27a131004ccebd63;10;[];6
100001202;60cabc8a27a131004ccebd64;3;[];2
100001203;60cabc8a27a131004ccebd65;7;[{"customer":"60cabc7f27a131004cceabc5","amount":2}];6
100001204;60cabc8a27a131004ccebd66;3;[];3
100001205;60cabc8a27a131004ccebd67;7;[];5
100001206;60cabc8a27a131004ccebd68;1;[];1
100001207;60cabc8a27a131004ccebd69;9;[];8
100001208;60cabc8a27a131004ccebd6a;8;[{"customer":"60cabc7f27a131004cceabba","amount":1}];4
100001209;60cabc8a27a131004ccebd6b;1;[];1
100001210;60cabc8a27a131004ccebd6c;5;[];3
100001211;60cabc8a27a131004ccebd6d;6;[];4
100001212;60cabc8a27a131004ccebd6e;2;[];1
100001213;60cabc8a27a131004ccebd6f;5;[];4
100001214;60cabc8a27a131004ccebd70;6;[];5
100001215;60cabc8a27a131004ccebd71;10;[];6
100001216;60cabc8a27a131004ccebd72;7;[];3
100001217;60cabc8a27a131004ccebd73;1;[];1
100001218;60cabc8a27a131004ccebd74;8;[];3
100001219;60cabc8a27a131004ccebd75;5;[];1
100001220;60cabc8a27a131004ccebd76;3;[];1
100001221;60cabc8a27a131004ccebd77;7;[];3
100001222;60cabc8a27a131004ccebd78;2;[];2
100001223;60cabc8a27a131004ccebd79;6;[];4
100001224;60cabc8a27a131004ccebd7a;9;[{"customer":"60cabc7f27a131004cceabc6","amount":1}];3
100001225;60cabc8a27a131004ccebd7b;5;[];1
100001226;60cabc8a27a131004ccebd7c;6;[];1
100001227;60cabc8a27a131004ccebd7d;5;[];2
100001228;60cabc8a27a131004ccebd7e;7;[];4
100001229;60cabc8a27a131004ccebd7f;9;[];4
100001230;60cabc8a27a131004ccebd80;6;[];2
100001231;60cabc8a27a131004ccebd81;6;[];6
100001232;60cabc8a27a131004ccebd82;1;[];1
100001233;60cabc8a27a131004ccebd83;2;[];1
100001234;60cabc8a27a131004ccebd84;4;[];3
100001235;60cabc8a27a131004ccebd85;4;[{"customer":"60cabc7f27a131004cceabc3","amount":1}];2
100001236;60cabc8a27a131004ccebd86;5;[];4
100001237;60cabc8a27a131004ccebd87;5;[{"customer":"60cabc7f27a131004cceabb8","amount":1}];4
100001238;60cabc8a27a131004ccebd88;1;[];1
100001239;60cabc8a27a131004ccebd89;5;[];2
100001240;60cabc8a27a131004ccebd8a;10;[];7
100001241;60cabc8b27a131004ccebd8b;10;[];3
100001242;60cabc8b27a131004ccebd8c;3;[];3
100001243;60cabc8b27a131004ccebd8d;6;[{"customer":"60cabc7f27a131004cceabba","amount":1}];2
100001244;60cabc8b27a131004ccebd8e;8;[];2
100001245;60cabc8b27a131004ccebd8f;10;[];5
100001246;60cabc8b27a131004ccebd90;10;[];8
100001247;60cabc8b27a131004ccebd91;8;[];2
100001248;60cabc8b27a131004ccebd92;8;[];6
100001249;60cabc8b27a131004ccebd93;3;[];2
100001250;60cabc8b27a131004ccebd94;2;[];1
100001251;60cabc8b27a131004ccebd95;10;[{"customer":"60cabc7f27a131004cceabc0","amount":1}];9
100001252;60cabc8b27a131004ccebd96;8;[];5
100001253;60cabc8b27a131004ccebd97;2;[];1
100001254;60cabc8b27a131004ccebd98;3;[];1
100001255;60cabc8b27a131004ccebd99;7;[];2
100001256;60cabc8b27a131004ccebd9a;3;[];3
100001257;60cabc8b27a131004ccebd9b;6;[{"customer":"60cabc7f27a131004cceabc1","amount":1}];3
100001258;60cabc8b27a131004ccebd9c;6;[{"customer":"60cabc7f27a131004cceabbb","amount":2}];6
100001259;60cabc8b27a131004ccebd9d;8;[];2
100001260;60cabc8b27a131004ccebd9e;2;[];2
100001261;60cabc8b27a131004ccebd9f;9;[];5
100001262;60cabc8b27a131004ccebda0;5;[];5
100001263;60cabc8b27a131004ccebda1;4;[{"customer":"60cabc7f27a131004cceabc4","amount":1}];4
100001264;60cabc8b27a131004ccebda2;2;[];2
100001265;60cabc8b27a131004ccebda3;1;[];1
100001266;60cabc8b27a131004ccebda4;5;[];2
100001267;60cabc8b27a131004ccebda5;4;[];2
100001268;60cabc8b27a131004ccebda6;7;[];2
100001269;60cabc8b27a131004ccebda7;3;[{"customer":"60cabc7f27a131004cceabbc","amount":1}];2
100001270;60cabc8b27a131004ccebda8;1;[];1
100001271;60cabc8b27a131004ccebda9;8;[];3
100001272;60cabc8b27a131004ccebdaa;1;[];1
100001273;60cabc8b27a131004ccebdab;1;[];1
100001274;60cabc8b27a131004ccebdac;6;[];3
100001275;60cabc8b27a131004ccebdad;2;[];1
100001276;60cabc8b27a131004ccebdae;8;[{"customer":"60cabc7f27a131004cceabb7","amount":1}];8
100001277;60cabc8b27a131004ccebdaf;10;[];7
100001278;60cabc8b27a131004ccebdb0;10;[];4
100001279;60cabc8b27a131004ccebdb1;10;[];3
100001280;60cabc8b27a131004ccebdb2;5;[{"customer":"60cabc7f27a131004cceabbc","amount":1}];3
100001281;60cabc8b27a131004ccebdb3;6;[];4
100001282;60cabc8b27a131004ccebdb4;8;[];3
100001283;60cabc8b27a131004ccebdb5;5;[];4
100001284;60cabc8b27a131004ccebdb6;5;[];1
100001285;60cabc8b27a131004ccebdb7;3;[];2
100001286;60cabc8b27a131004ccebdb8;4;[];4
100001287;60cabc8b27a131004ccebdb9;2;[{"customer":"60cabc7f27a131004cceabb8","amount":1}];2
100001288;60cabc8b27a131004ccebdba;8;[];8
100001289;60cabc8b27a131004ccebdbb;9;[];2
100001290;60cabc8b27a131004ccebdbc;2;[];2
100001291;60cabc8b27a131004ccebdbd;6;[];1
100001292;60cabc8b27a131004ccebdbe;3;[];3
100001293;60cabc8b27a131004ccebdbf;7;[];7
100001294;60cabc8b27a131004ccebdc0;1;[];1
100001295;60cabc8b27a131004ccebdc1;5;[];1
100001296;60cabc8b27a131004ccebdc2;2;[];1
100001297;60cabc8b27a131004ccebdc3;3;[];2
100001298;60cabc8b27a131004ccebdc4;1;[];1
100001299;60cabc8b27a131004ccebdc5;5;[];2
100001300;60cabc8b27a131004ccebdc6;6;[{"customer":"60cabc7f27a131004cceabb8","amount":2},{"customer":"60cabc7f27a131004cceabbf","amount":2}];6
100001301;60cabc8b27a131004ccebdc7;1;[];1
100001302;60cabc8b27a131004ccebdc8;9;[{"customer":"60cabc7f27a131004cceabb7","amount":2}];8
100001303;60cabc8b27a131004ccebdc9;7;[];4
100001304;60cabc8b27a131004ccebdca;4;[];4
100001305;60cabc8b27a131004ccebdcb;8;[];3
100001306;60cabc8b27a131004ccebdcc;8;[];1
100001307;60cabc8b27a131004ccebdcd;4;[];1
100001308;60cabc8b27a131004ccebdce;6;[];1
100001309;60cabc8b27a131004ccebdcf;6;[];4
100001310;60cabc8b27a131004ccebdd0;3;[];2
100001311;60cabc8b27a131004ccebdd1;10;[];5
100001312;60cabc8b27a131004ccebdd2;5;[];3
100001313;60cabc8b27a131004ccebdd3;10;[];4
100001314;60cabc8b27a131004ccebdd4;8;[];6
100001315;60cabc8b27a131004ccebdd5;7;[];3
100001316;60cabc8b27a131004ccebdd6;1;[];1
100001317;60cabc8b27a131004ccebdd7;10;[];7
100001318;60cabc8b27a131004ccebdd8;1;[];1
100001319;60cabc8b27a131004ccebdd9;9;[];2
100001320;60cabc8b27a131004ccebdda;7;[{"customer":"60cabc7f27a131004cceabc5","amount":1}];7
100001321;60cabc8b27a131004ccebddb;1;[];1
100001322;60cabc8b27a131004ccebddc;1;[];1
100001323;60cabc8b27a131004ccebddd;3;[];1
100001324;60cabc8b27a131004ccebdde;9;[{"customer":"60cabc7f27a131004cceabb7","amount":2}];9
100001325;60cabc8b27a131004ccebddf;4;[{"customer":"60cabc7f27a131004cceabb6","amount":2}];4
100001326;60cabc8b27a131004ccebde0;1;[];1
100001327;60cabc8b27a131004ccebde1;10;[];5
100001328;60cabc8b27a131004ccebde2;3;[];2
100001329;60cabc8b27a131004ccebde3;8;[];6
100001330;60cabc8b27a131004ccebde4;5;[];2
100001331;60cabc8b27a131004ccebde5;2;[];1
100001332;60cabc8b27a131004ccebde6;2;[];1
100001333;60cabc8b27a131004ccebde7;10;[];7
100001334;60cabc8b27a131004ccebde8;5;[];2
100001335;60cabc8b27a131004ccebde9;4;[];4
100001336;60cabc8b27a131004ccebdea;6;[];2
100001337;60cabc8b27a131004ccebdeb;7;[];2
100001338;60cabc8b27a131004ccebdec;5;[];4
100001339;60cabc8b27a131004ccebded;3;[];2
100001340;60cabc8b27a131004ccebdee;4;[];1
100001341;60cabc8b27a131004ccebdef;1;[];1
100001342;60cabc8b27a131004ccebdf0;10;[{"customer":"60cabc7f27a131004cceabbb","amount":2}];10
100001343;60cabc8b27a131004ccebdf1;8;[{"customer":"60cabc7f27a131004cceabb7","amount":1}];7
100001344;60cabc8b27a131004ccebdf2;5;[];3
100001345;60cabc8b27a131004ccebdf3;3;[];2
100001346;60cabc8b27a131004ccebdf4;8;[];7
100001347;60cabc8b27a131004ccebdf5;1;[];1
100001348;60cabc8b27a131004ccebdf6;10;[];9
100001349;60cabc8b27a131004ccebdf7;8;[];1
100001350;60cabc8b27a131004ccebdf8;4;[];4
100001351;60cabc8b27a131004ccebdf9;4;[{"customer":"60cabc7f27a131004cceabb9","amount":1}];4
100001352;60cabc8b27a131004ccebdfa;10;[{"customer":"60cabc7f27a131004cceabbc","amount":2},{"customer":"60cabc7f27a131004cceabc8","amount":2}];5
100001353;60cabc8b27a131004ccebdfb;3;[];3
100001354;60cabc8b27a131004ccebdfc;4;[];3
100001355;60cabc8b27a131004ccebdfd;1;[];1
100001356;60cabc8b27a131004ccebdfe;9;[{"customer":"60cabc7f27a131004cceabbc","amount":2}];4
100001357;60cabc8b27a131004ccebdff;10;[];10
100001358;60cabc8b27a131004ccebe00;9;[{"customer":"60cabc7f27a131004cceabbf","amount":1}];5
100001359;60cabc8b27a131004ccebe01;4;[];4
100001360;60cabc8b27a131004ccebe02;10;[];1
100001361;60cabc8b27a131004ccebe03;3;[];3
100001362;60cabc8b27a131004ccebe04;7;[{"customer":"60cabc7f27a131004cceabc8","amount":2}];7
100001363;60cabc8b27a131004ccebe05;7;[];6
100001364;60cabc8b27a131004ccebe06;1;[];1
100001365;60cabc8b27a131004ccebe07;1;[];1
100001366;60cabc8b27a131004ccebe08;7;[];1
100001367;60cabc8b27a131004ccebe09;3;[];1
100001368;60cabc8b27a131004ccebe0a;5;[];1
100001369;60cabc8b27a131004ccebe0b;4;[];2
100001370;60cabc8b27a131004ccebe0c;3;[];2
100001371;60cabc8b27a131004ccebe0d;7;[];1
100001372;60cabc8b27a131004ccebe0e;7;[{"customer":"60cabc7f27a131004cceabb7","amount":1}];7
100001373;60cabc8b27a131004ccebe0f;6;[];4
100001374;60cabc8b27a131004ccebe10;8;[];8
100001375;60cabc8b27a131004ccebe11;8;[];6
100001376;60cabc8b27a131004ccebe12;6;[];4
100001377;60cabc8b27a131004ccebe13;6;[];6
100001378;60cabc8b27a131004ccebe14;8;[{"customer":"60cabc7f27a131004cceabbf","amount":2}];7
100001379;60cabc8b27a131004ccebe15;5;[];4
100001380;60cabc8b27a131004ccebe16;5;[{"customer":"60cabc7f27a131004cceabc3","amount":1}];3
100001381;60cabc8b27a131004ccebe17;2;[];2
100001382;60cabc8b27a131004ccebe18;8;[];4
100001383;60cabc8b27a131004ccebe19;5;[];2
100001384;60cabc8b27a131004ccebe1a;4;[];4
100001385;60cabc8b27a131004ccebe1b;4;[];1
100001386;60cabc8b27a131004ccebe1c;3;[];1
100001387;60cabc8b27a131004ccebe1d;8;[];6
100001388;60cabc8b27a131004ccebe1e;4;[];4
100001389;60cabc8b27a131004ccebe1f;5;[];4
100001390;60cabc8b27a131004ccebe20;8;[];6
100001391;60cabc8b27a131004ccebe21;3;[];1
100001392;60cabc8b27a131004ccebe22;7;[{"customer":"60cabc7f27a131004cceabc0","amount":1}];7
100001393;60cabc8b27a131004ccebe23;1;[];1
100001394;60cabc8b27a131004ccebe24;7;[];2
100001395;60cabc8b27a131004ccebe25;6;[];2
100001396;60cabc8b27a131004ccebe26;10;[];7
100001397;60cabc8b27a131004ccebe27;8;[];1
100001398;60cabc8b27a131004ccebe28;4;[];4
100001399;60cabc8b27a131004ccebe29;8;[];6
100001400;60cabc8b27a131004ccebe2a;6;[];4
100001401;60cabc8b27a131004ccebe2b;2;[];2
100001402;60cabc8b27a131004ccebe2c;1;[];1
100001403;60cabc8b27a131004ccebe2d;7;[];2
100001404;60cabc8b27a131004ccebe2e;5;[{"customer":"60cabc7f27a131004cceabc2","amount":2}];4
100001405;60cabc8b27a131004ccebe2f;2;[];2
100001406;60cabc8b27a131004ccebe30;5;[];5
100001407;60cabc8b27a131004ccebe31;7;[];5
100001408;60cabc8b27a131004ccebe32;1;[];1
100001409;60cabc8b27a131004ccebe33;4;[];2
100001410;60cabc8b27a131004ccebe34;5;[];2
100001411;60cabc8b27a131004ccebe35;1;[];1
100001412;60cabc8b27a131004ccebe36;1;[];1
100001413;60cabc8b27a131004ccebe37;9;[];6
100001414;60cabc8b27a131004ccebe38;1;[];1
100001415;60cabc8b27a131004ccebe39;9;[{"customer":"60cabc7f27a131004cceabbc","amount":1},{"customer":"60cabc7f27a131004cceabc5","amount":1}];8
100001416;60cabc8b27a131004ccebe3a;1;[];1
100001417;60cabc8b27a131004ccebe3b;10;[{"customer":"60cabc7f27a131004cceabc3","amount":2}];5
100001418;60cabc8b27a131004ccebe3c;5;[];1
100001419;60cabc8b27a131004ccebe3d;9;[];8
100001420;60cabc8b27a131004ccebe3e;4;[];3
100001421;60cabc8b27a131004ccebe3f;10;[];2
100001422;60cabc8b27a131004ccebe40;10;[{"customer":"60cabc7f27a131004cceabbf","amount":2}];5
100001423;60cabc8b27a131004ccebe41;7;[{"customer":"60cabc7f27a131004cceabc1","amount":1}];3
100001424;60cabc8b27a131004ccebe42;3;[];3
100001425;60cabc8b27a131004ccebe43;4;[];1
100001426;60cabc8b27a131004ccebe44;6;[];1
100001427;60cabc8b27a131004ccebe45;3;[];3
100001428;60cabc8b27a131004ccebe46;6;[];5
100001429;60cabc8b27a131004ccebe47;10;[];9
100001430;60cabc8b27a131004ccebe48;2;[];1
100001431;60cabc8b27a131004ccebe49;5;[];2
100001432;60cabc8b27a131004ccebe4a;2;[];2
100001433;60cabc8b27a131004ccebe4b;2;[];1
100001434;60cabc8b27a131004ccebe4c;9;[{"customer":"60cabc7f27a131004cceabb8","amount":2}];3
100001435;60cabc8b27a131004ccebe4d;9;[];4
100001436;60cabc8b27a131004ccebe4e;10;[];3
100001437;60cabc8b27a131004ccebe4f;4;[];2
100001438;60cabc8b27a131004ccebe50;8;[{"customer":"60cabc7f27a131004cceabc7","amount":1}];6
100001439;60cabc8b27a131004ccebe51;2;[];1
100001440;60cabc8b27a131004ccebe52;2;[];2
100001441;60cabc8b27a131004ccebe53;1;[];1
100001442;60cabc8b27a131004ccebe54;8;[];1
100001443;60cabc8b27a131004ccebe55;7;[{"customer":"60cabc7f27a131004cceabb6","amount":2}];5
100001444;60cabc8b27a131004ccebe56;5;[];3
100001445;60cabc8b27a131004ccebe57;8;[];5
100001446;60cabc8b27a131004ccebe58;4;[];2
100001447;60cabc8b27a131004ccebe59;1;[];1
100001448;60cabc8b27a131004ccebe5a;4;[];1
100001449;60cabc8b27a131004ccebe5b;8;[];1
100001450;60cabc8b27a131004ccebe5c;4;[];4
100001451;60cabc8b27a131004ccebe5d;10;[{"customer":"60cabc7f27a131004cceabbb","amount":2}];4
100001452;60cabc8b27a131004ccebe5e;6;[];1
100001453;60cabc8b27a131004ccebe5f;7;[];5
100001454;60cabc8b27a131004ccebe60;5;[];1
100001455;60cabc8b27a131004ccebe61;1;[];1
100001456;60cabc8b27a131004ccebe62;6;[];5
100001457;60cabc8b27a131004ccebe63;9;[{"customer":"60cabc7f27a131004cceabb6","amount":2}];7
100001458;60cabc8b27a131004ccebe64;4;[];1
100001459;60cabc8b27a131004ccebe65;10;[];4
100001460;60cabc8b27a131004ccebe66;8;[];4
100001461;60cabc8b27a131004ccebe67;1;[];1
100001462;60cabc8b27a131004ccebe68;4;[];4
100001463;60cabc8b27a131004ccebe69;6;[];5
100001464;60cabc8b27a131004ccebe6a;7;[];4
100001465;60cabc8b27a131004ccebe6b;2;[];1
100001466;60cabc8b27a131004ccebe6c;4;[];4
100001467;60cabc8b27a131004ccebe6d;5;[];1
100001468;60cabc8b27a131004ccebe6e;3;[];2
100001469;60cabc8b27a131004ccebe6f;3;[];1
100001470;60cabc8b27a131004ccebe70;2;[];2
100001471;60cabc8b27a131004ccebe71;1;[];1
100001472;60cabc8b27a131004ccebe72;7;[];6
100001473;60cabc8b27a131004ccebe73;9;[];9
100001474;60cabc8b27a131004ccebe74;8;[];7
100001475;60cabc8b27a131004ccebe75;6;[{"customer":"60cabc7f27a131004cceabb8","amount":1}];2
100001476;60cabc8b27a131004ccebe76;5;[];5
100001477;60cabc8b27a131004ccebe77;7;[];3
100001478;60cabc8b27a131004ccebe78;6;[];5
100001479;60cabc8b27a131004ccebe79;9;[];7
100001480;60cabc8b27a131004ccebe7a;5;[];5
100001481;60cabc8b27a131004ccebe7b;2;[];2
100001482;60cabc8b27a131004ccebe7c;3;[];1
100001483;60cabc8b27a131004ccebe7d;2;[];1
100001484;60cabc8b27a131004ccebe7e;6;[];3
100001485;60cabc8b27a131004ccebe7f;2;[];1
100001486;60cabc8b27a131004ccebe80;1;[];1
100001487;60cabc8b27a131004ccebe81;4;[];4
100001488;60cabc8b27a131004ccebe82;10;[];8
100001489;60cabc8b27a131004ccebe83;3;[];1
100001490;60cabc8b27a131004ccebe84;2;[];1
100001491;60cabc8b27a131004ccebe85;4;[];1
100001492;60cabc8b27a131004ccebe86;8;[];2
100001493;60cabc8b27a131004ccebe87;2;[];2
100001494;60cabc8b27a131004ccebe88;7;[{"customer":"60cabc7f27a131004cceabbb","amount":2}];3
100001495;60cabc8b27a131004ccebe89;9;[];6
100001496;60cabc8b27a131004ccebe8a;10;[{"customer":"60cabc7f27a131004cceabbf","amount":1}];5
100001497;60cabc8b27a131004ccebe8b;10;[{"customer":"60cabc7f27a131004cceabbb","amount":1}];8
100001498;60cabc8b27a131004ccebe8c;1;[];1
100001499;60cabc8b27a131004ccebe8d;5;[];5
